name,sku,price_net,stock,category,description,image_path,active
BANANA MACHO,BM-4MM-SC_GL,300,17,conectores,,products/BM-4MM-SC_GL.jpg,True
FASTON 22-16 AWG 2.8 MM (20U),F2216R_GL,1100,7,aisladores,,products/F2216R_GL.jpg,True
FASTON 22-16 AWG 6.3 MM (15U),F2216RHA_GL,1100,3,aisladores,,products/F2216RHA_GL.jpg,True
FASTON 22-18 AWG 6.3 MM (20U),F2218M_GL,2900,6,aisladores,,products/F2218M_GL.jpg,True
FASTON 16-14 AWG 6.3 MM (13U),F1614M_GL,1900,1,aisladores,,products/F1614M_GL.jpg,True
CONECTOR EMPALME RÁPIDO 6 VÍAS,KV773-106_GL,400,20,adaptadores,,products/KV773-106_GL.jpg,True
CONECTOR EMPALME RÁPIDO 8 VÍAS,KV773-108_GL,500,12,adaptadores,,products/KV773-108_GL.jpg,True
CONECTOR RÁPIDO 2X6,LT623_GL,1500,49,adaptadores,,products/LT623_GL.jpg,True
CONECTOR RÁPIDO 3X9,LT933_GL,2100,19,adaptadores,,products/LT933_GL.jpg,True
CONECTOR RÁPIDO 2X2,PCT-222_GL,600,19,adaptadores,,products/PCT-222_GL.jpg,True
TBLOCK 1X4 2.54 150V 6A,RS120-2.54X4_GL,120,264,electronica,,products/RS120-2.54X4_GL.jpg,True
TBLOCK 1X6 M-H 5.08 300 V 15A,HR2EDG-5.08X6_GL,1000,50,electronica,,products/HR2EDG-5.08X6_GL.jpg,True
TBLOCK 1X2 M-H 5.08 300 V 15A,HR2EDG-5.08X2_GL,800,96,electronica,,products/HR2EDG-5.08X2_GL.jpg,True
CONECTOR EMPALME RÁPIDO 4 VÍAS,KV773-104_GL,300,24,adaptadores,,products/KV773-104_GL.jpg,True
TBLOCK 1X3 2.54 150V 6A,RS120-2.54X3_GL,110,232,electronica,,products/RS120-2.54X3_GL.jpg,True
PIN HEADER HEMBRA 1X40 (10U),PH1X40H_GL,3000,15,conectores,,products/PH1X40H_GL.jpg,True
PIN HEADER MACHO 2X40 (10U),PH2X40_GL,4000,20,conectores,,products/PH2X40_GL.jpg,True
PIN HEADER MACHO 2X40 90° (10U),PH2X40-90_GL,4000,39,conectores,,products/PH2X40-90_GL.jpg,True
COPLA USB H-H,CC722-USB_GL,1000,20,adaptadores,,products/CC722-USB_GL.jpg,True
TBLOCK 1X2 2.54 150V 6A,RS120-2.54_GL,100,253,electronica,,products/RS120-2.54_GL.jpg,True
CABLE CONECTOR JST HEMBRA - MACHO DE 6P,JST-6P,1580,188,cables,,products/JST-6P.jpg,True
CONECTOR MOLEX HEMBRA 3P CON CABLE DE 30CM,MOLEX-3P,550,47,cables,,products/MOLEX-3P.jpg,True
CABLE CONECTOR JST DE 3P HEMBRA - MACHO,JST-3P,1395,198,cables,,products/JST-3P.jpg,True
CONECTOR MOLEX HEMBRA 4P CON CABLE DE 30CM,MOLEX-4P,650,50,cables,,products/MOLEX-4P.jpg,True
"FUENTE DE PODER LED 12V 400W 33,3AMP",LED-33.3,15500,5,electronica,,products/LED-33.3.jpg,True
FUENTE DE PODER LED 12V 8.5A 100W,149291,10000,10,alimentacion,,products/149291.jpg,True
FUENTE DE PODER 24V 100W  4.16A,149258,12522,2,electronica,,products/149258.jpg,True
KIT PROYECTO PARA ARMAR DE TRABAJADOR CON MOVIMIENTO,161105,5000,6,kits-educativos,,products/161105.jpg,True
KIT PROYECTO PARA ARMAR TANQUE CON MOVIMIENTO,TANK-KIT,4650,1,kits-educativos,,products/TANK-KIT.jpg,True
KIT PROYECTO PARA ARMAR VENTILADOR CON OSCILACIÓN,161083,5000,6,inicio,,products/161083.jpg,True
KIT PROYECTO PARA ARMAR MOLINO SOLAR CON MOVIMIENTO,,4650,0,kits-educativos,,products/.jpg,True
BOBINA PARA PROYECTO TESLA,,6000,9,arduino,,products/.jpg,True
CABLE PODER PULPO  1X8,CCTV-1X8_GL,3000,2,inicio,,products/CCTV-1X8_GL.jpg,True
SOLMAFORO UV-15040-RGB-SLT-i,UV-15040-RGB-SLT-i,0,0,desarrollos,,products/UV-15040-RGB-SLT-i.jpg,True
SOLMAFORO UV-15040-RGB-SLT-E4G,UV-15040-RGB-SLT-E4G,0,0,desarrollos,,products/UV-15040-RGB-SLT-E4G.jpg,True
SOLMAFORO UV-15040-RGB-SLT-E4G+,UV-15040-RGB-SLT-E4G+,0,0,desarrollos,,products/UV-15040-RGB-SLT-E4G+.jpg,True
SOLMAFORO UV-15040-RGB-TR,UV-15040-RGB-TR,0,0,desarrollos,,products/UV-15040-RGB-TR.jpg,True
MODULO LM2596 REGULADOR DE VOLTAJE DC-DC,LM2596,1800,3,arduino,,products/LM2596.jpg,True
CAJA PLASTICA 200X120X75MM IP65 NEGRA,CHL180357,5900,24,cajas,,products/CHL180357.jpg,True
SOLDADURA 60/40 ⌀1.2 MM 250G SANKI,SANKI6040-1,21000,10,estano,,products/SANKI6040-1.jpg,True
CABLE CON CONECTOR JST - 5 PINES MACHO - HEMBRA,QTY-5P,2000,189,inicio,,products/QTY-5P.jpg,True
CONECTOR MOLEX 2P CON CABLE HEMBRA – MACHO,molex-2p,416,40,conectores,,products/molex-2p.jpg,True
CONECTOR DB15 HEMBRA,VGA-DB15,601,200,inicio,,products/VGA-DB15.jpg,True
CABLE CONECTOR JST DE 7P HEMBRA - MACHO,JST-7P,1899,190,conectores,,products/JST-7P.jpg,True
CABLE USB 2.0 TIPO B 30CM,USB-B-30_GL,1050,13,cables-electricidad,,products/USB-B-30_GL.jpg,True
CABLE CONECTOR JSTDE 8P  HEMBRA - MACHO,JST-8P,2252,189,cables,,products/JST-8P.jpg,True
JUEGO DESTORNILLADOR RELOJERO 6PCS,MK-0599,2000,5,destornilladores,,products/MK-0599.jpg,True
SET CONECTOR ROSCA 158 PCS,W14610,5000,9,conectores,,products/W14610.jpg,True
CAJA SET TERMORETRÁCTIL 316 PCS,23920,4000,0,aisladores,,products/23920.jpg,True
MODULO LED 1X20 12V CON PROTECCIÓN 7CM,M12V-CP7,6200,7,iluminacion,,products/M12V-CP7.jpg,True
MODULO LED 3X20 12V,M12V-3LED,6000,20,iluminacion,,products/M12V-3LED.jpg,True
MODULO LED 1X20 12V SIN PROTECIÓN,M12V-SP,5800,32,iluminacion,,products/M12V-SP.jpg,True
MODULO LED 1X20 12V CON PROTECCIÓN 8.5CM,M12V-CP9,7200,16,iluminacion,,products/M12V-CP9.jpg,True
MODULO LED 1X20 12V CON PROTECIÓN,M12V-CP1X1,8000,10,iluminacion,,products/M12V-CP1X1.jpg,True
CLORURO FÉRRICO 1L,CLFR-1L,3000,5,quimicos-electronica,,products/CLFR-1L.jpg,True
KIT ARDUINO UNO - 68 PCS,KITUNO-68PCS,16000,0,arduino,,products/KITUNO-68PCS.jpg,True
PACK PORTA RELE PLÁSTICO (2U),COD.115004,2000,35,rele,,products/COD.115004.jpg,True
SET BASE DE CORTE,ME047-4,3000,3,kits-educativos,,products/ME047-4.jpg,True
RUEDA CON LLANTA DE GOMA PARA MOTOR DC,,1500,50,kits-educativos,,products/.jpg,True
ARDUINO UNO,,9000,0,arduino,,products/.jpg,False
SET BROCA FRESADORA 3- 4- 5- 6- 6.5- 8,,2700,2,brocas,,products/.jpg,True
PAR CONECTOR CM4 MACHO-HEMBRA SOLAR,CHLMC4,1900,76,inicio,,products/CHLMC4.jpg,True
POTENCIÓMETRO P-104 PRECISIÓN 100K,I3-21-100,300,20,inicio,,products/I3-21-100.jpg,True
PORTA RELE CERÁMICO 12-24 V,RC12-24,2000,5,rele,,products/RC12-24.jpg,True
SOLDADURA M60 ⌀0.8MM 40G MECHANIC,m6040g,7000,10,estano,,products/m6040g.jpg,True
SOLDADURA ⌀1.2MM 60G JIX,JIX60G,3000,6,estano,,products/JIX60G.jpg,True
DISPLAY INDUSTRIAL DI-64128-420MA,DI-64128-420MA,0,0,desarrollos,,products/DI-64128-420MA.jpg,True
CRONOMETRO CR32128-CR,CR3296-SEN-1,0,0,cronometros,,products/CR3296-SEN-1.jpg,True
SOLDADURA 63/37 ⌀1.0 MM 250G BAOQIN,17310-A,6000,0,estano,,products/17310-A.jpg,True
SOLDADURA 60/40 ⌀0.8 MM 250G SANKI,SANKI6040,21000,3,estano,,products/SANKI6040.jpg,True
KIT TERMORETRÁCTIL COLORES 16X120MM (10U),9367124,1000,7,aisladores,,products/9367124.jpg,True
PACK AG10 BATERIA ALCALINA 1.55V (10U),AG10,1600,15,alimentacion,,products/AG10.jpg,True
PACK BATERIA LITIO CR1220 MAXELL (5U),CR1220,3200,0,alimentacion,,products/CR1220.jpg,True
PILA 26650 GH 8800 mAh 4.2 V,,0,0,sin-categoria,,,False
CRONOMETRO 24/14 BASQUETBOL +60s,C24/14-3232+60,0,0,cronometros,,products/C24/14-3232+60.jpg,True
KIT TERMORETRÁCTIL COLORES 10U - PRE CORTADA,TER-010-1-1,600,10,aisladores,,products/TER-010-1-1.jpg,True
PACK BATERIA SR626SW 1.55V HG0% MAXELL,SR626SWH0,2600,2,alimentacion,,products/SR626SWH0.jpg,True
PACK PILA 23A 12V (5U),23A12V,1600,4,inicio,,products/23A12V.jpg,True
PILA LITIO CR2450 3V ENERGIZER,CR2450,3000,5,alimentacion,,products/CR2450.jpg,True
MODULO MULTIPLEXOR HP4067,HP4067,2101,4,electronica,,products/HP4067.jpg,True
MINI REPETIDOR WiFi LV-WR13,MR100-1,10000,2,electronica,,products/MR100-1.jpg,True
SENSOR HAZ INFRARROJO,MR100-1-1,7000,0,electronica,,products/MR100-1-1.jpg,True
FUENTE SW 12V 40A,FA-12V40A,21000,6,electronica,,products/FA-12V40A.jpg,True
CONTROL REMOTO UNIVERSAL DUPLICADOR,IRM_GL,0,19,inicio,,products/IRM_GL.jpg,True
BATERÍA 9V PHILIPS LONGLIFE,6F22L1B/97,2100,0,alimentacion,,products/6F22L1B/97.jpg,True
PILA LITIO 3V CR2 ENERGIZER,UPN-140603,2500,4,alimentacion,,products/UPN-140603.jpg,True
Marcador ScoreSHOW 420,ScoreSHOW-420,0,0,deportivo,,products/ScoreSHOW-420.jpg,True
MARCADOR SCORESHOW-360A,ScoreShow-160-25-1,0,0,deportivo,,products/ScoreShow-160-25-1.jpg,True
PACK BATERIA LITIO CR2032 MAXELL (5U),,2100,9,alimentacion,,products/.jpg,True
MODULO DE RELOJ DS3231,RTC1307-1-1,800,3,electronica,,products/RTC1307-1-1.jpg,True
MODULO RELE 5V X1,JQC-3FF-S-Z-P1-1-1,2000,28,inicio,,products/JQC-3FF-S-Z-P1-1-1.jpg,True
MODULO 4G A7670C,FT232RL-1-1,20000,3,inicio,,products/FT232RL-1-1.jpg,True
RELE SOLIDO 4 CANALES,EST2RELE4-1,7000,4,electronica,,products/EST2RELE4-1.jpg,True
SET 4G A7670C,FT232RL-1-1-2,25000,0,inicio,,products/FT232RL-1-1-2.jpg,True
CONECTOR CAJA SPEAKER PLUG TERMINAL,,4000,24,inicio,,products/.jpg,True
CONECTOR SPEAKER AUDIO CABLE 4 PIN AZUL,SVP563R-1,2500,37,inicio,,products/SVP563R-1.jpg,True
CONECTOR SPEAKER AUDIO CABLE 4 PIN ROJO,SVP563R-1-1,2500,33,inicio,,products/SVP563R-1-1.jpg,True
CONECTOR SPEAKON HEMBRA 3PIN,,2500,10,inicio,,products/.jpg,True
CONECTOR SPEAKON HEMBRA 3PIN,,2500,10,inicio,,products/.jpg,True
PORTA PILA CR2032 (VERTICAL),18650-PCB-1-1,500,18,electronica,,products/18650-PCB-1-1.jpg,True
PORTA PILA CR2032 (VERTICAL),18650-PCB-1-1,500,18,electronica,,products/18650-PCB-1-1.jpg,True
PORTA PILA CR2032 (TRADICIONAL),18650-PCB-1-1-1,600,23,electronica,,products/18650-PCB-1-1-1.jpg,True
RESISTENCIA CERAMICA 20W 220Ω,E1A-20W220,1300,55,otras,,products/E1A-20W220.jpg,True
SOLMAFORO UV-15040-RGB-SST-E4G,UV-15040-RGB-SST-E4G,0,0,desarrollos,,products/UV-15040-RGB-SST-E4G.jpg,True
PLUG SMA CRIMP RG58,M2A-CPRG58,1500,9,inicio,,products/M2A-CPRG58.jpg,True
CONECTOR DB9 PCB MACHO,M2A-CDB9.M,2000,45,inicio,,products/M2A-CDB9.M.jpg,True
CONECTOR DUPONT 4 PINES,M2A-CD4P,1500,564,inicio,,products/M2A-CD4P.jpg,True
CONECTOR HEMBRA MICRO USB,M2A-CHMUSB,1000,30,inicio,,products/M2A-CHMUSB.jpg,True
CONECTOR HEMBRA TIPO C,M2A-CHTC,1000,109,inicio,,products/M2A-CHTC.jpg,True
RCA PLUG MACHO,M2A-RCA,700,76,conectores,,products/M2A-RCA.jpg,True
DISPLAY LED 7 SEGMENTO 1X2 ANODO,564136-1,1000,5,inicio,,products/564136-1.jpg,True
PLUG MACHO NEGRO-5.5/ 2.1,M2A-CPNM-1,600,69,conectores,,products/M2A-CPNM-1.jpg,True
BNC HEMBRA PARA CABLE COAXIAL.,BNC2AH,1000,17,conectores,,products/BNC2AH.jpg,True
CONVERTIDOR MAX3232 RS232 a TTL HEMBRA DB9,FT232RL-1,4300,47,inicio,,products/FT232RL-1.jpg,True
ARREGLO DE RESISTENCIAS 1/8 W 5% 9 PINES,E1C-AR1/8,0,0,inicio,,products/E1C-AR1/8.jpg,True
RESISTENCIAS 1/4W 1% (25 unidades),R-1/6-5-1-1,0,122,inicio,,products/R-1/6-5-1-1.jpg,True
AMPLIFICADOR DE SONIDO PARA JUEGO ARCADE Y TABLEROS DE JUEGO,E2B-MOD1W,4500,5,comunicacion,,products/E2B-MOD1W.jpg,True
MODULO INFRARROJO RECEPTOR,E2B-MODIR38,1000,9,inicio,,products/E2B-MODIR38.jpg,True
MODULO RECEPTOR DE RADIO 315 MHZ,E2B-MOD315,2000,19,comunicacion,,products/E2B-MOD315.jpg,True
MODULO SENSOR INFRARROJO 4 CANALES,E2B-MODIR,0,0,modulos,,products/E2B-MODIR.jpg,True
INTERRUPTOR METALICO 22MM IP65 CON LED 24V,M3B-IM22LED,6000,57,inicio,,products/M3B-IM22LED.jpg,True
TARJETA MICRO SD SANDISK ULTRA 64GB,,7000,2,inicio,,products/.jpg,True
LECTOR DE TARJETA MICRO SD ZHS - USB 2.0,,1000,14,inicio,,products/.jpg,True
RESISTENCIA 15KΩ - 3W 5% (25 unidades),E-1A/3W15K5,2500,33,inicio,,products/E-1A/3W15K5.jpg,True
"RESISTENCIA 4,7KΩ - 2W 5% (25 unidades)",E-1A/2W4.7K5,2000,31,inicio,,products/E-1A/2W4.7K5.jpg,True
RESISTENCIAS 1/6W 1% (50 unidades),R-1/6-5-1,0,122,inicio,,products/R-1/6-5-1.jpg,True
PULSADOR METÁLICO 16MM IP65 CON LED 24V,H4-1-1,4000,23,inicio,,products/H4-1-1.jpg,True
PULSADOR METALICO 19MM IP65 2 PINES,H3-13-1,3000,32,inicio,,products/H3-13-1.jpg,True
PULSADOR METALICO ALTO 28MM IP67 2 PINES,M3B-PM28,10000,108,inicio,,products/M3B-PM28.jpg,True
CONDENSADOR 470UF /25V,I3-15-1,195,1,condensadores,,products/I3-15-1.jpg,True
CONECTOR RJ45 METALICO (10U),RJ-45-R1- 24-1,700,40,conectores,,products/RJ-45-R1- 24-1.jpg,True
CONECTOR RJ45 METALICO (10U),RJ-45-R1- 24-2,1000,38,conectores,,products/RJ-45-R1- 24-2.jpg,True
CAJA FERRULE 1200 PCS,C30446-1,4700,3,conectores,,products/C30446-1.jpg,True
PIN HEADER MACHO 1X40 (10 U),PH1X40_GL,0,200,conectores,,products/PH1X40_GL.jpg,True
SOLMAFORO UV-15040-RGB-SST,UV-15040-RGB-SST,0,0,desarrollos,,products/UV-15040-RGB-SST.jpg,True
SOLMAFORO UV-13040-RGB-SS,UV-13040-RGB-SS,0,0,desarrollos,,products/UV-13040-RGB-SS.jpg,True
SOLMAFORO UV-15040-RGB-SLT,UV-15040-RGB-SLT,0,0,desarrollos,,products/UV-15040-RGB-SLT.jpg,True
SOLMAFORO UV-15040-RGB-SST-i,UV-15040-RGB-SST-i,0,0,desarrollos,,products/UV-15040-RGB-SST-i.jpg,True
TECLADO GAMER CON MOUSE,M-1500,12521,6,electronica,,products/M-1500.jpg,True
Marcador ScoreSHOW 800-5,ScoreSHOW-1080-5-1,0,0,deportivo,,products/ScoreSHOW-1080-5-1.jpg,True
MODULO RFID RC522,RFID-RC522,3300,7,arduino,,products/RFID-RC522.jpg,True
MODULO CONVERTIDOR DC A DC BOOST STEP-UP VOL-R010,151422,4000,10,arduino,,products/151422.jpg,True
RELE 220V 8PINES,,5500,0,electronica,,products/.jpg,True
BASE RELE 8 PINES,,2000,0,electronica,,products/.jpg,True
PULSADOR NC,nc,1681,20,electricidad,,products/nc.jpg,True
CABLE PARALELO 12AWG NEGRO-ROJO 100% COBRE,R100,1681,98,cables,,products/R100.jpg,True
RADAR DE VELOCIDAD,,0,0,desarrollos,,products/.jpg,True
SEÑALETICA VIAL P5AR- 96x96,P5AR-96x96,0,0,desarrollos,,products/P5AR-96x96.jpg,True
VELOCIMETRO LED 32X32CM  GPS3232V,GPS3232V,0,0,desarrollos,,products/GPS3232V.jpg,True
RELOJ INDUSTRIAL  CON ALARMAS RA32198BT,RA32198BT,0,0,desarrollos,,products/RA32198BT.jpg,True
SOFTWARE CON CERTIFICACION FIBA,,0,0,deportivo,,products/.jpg,False
EXTRACTOR DE SOLDADURA 34CM,ZD-108,7000,15,extractor,,products/ZD-108.jpg,True
SENSOR CNY-70,A2-8,600,345,electronica,,products/A2-8.jpg,True
Marcador ScoreSHOW 1080,ScoreSHOW-1080-5,0,0,deportivo,,products/ScoreSHOW-1080-5.jpg,True
CONECTOR RJ45 PCB UNIDAD,R1-25,1000,143,conectores,,products/R1-25.jpg,True
MARCADOR SCORESHOW 200-50,ScoreShow-200-5,0,0,deportivo,,products/ScoreShow-200-5.jpg,True
MARCADOR SCORESHOW 200-40,ScoreShow-200-40,0,0,deportivo,,products/ScoreShow-200-40.jpg,True
MARCADOR SCORESHOW 160-40,ScoreShow-160-40,0,0,deportivo,,products/ScoreShow-160-40.jpg,True
MARCADOR SCORESHOW 160-25,ScoreShow-160-25,0,0,deportivo,,products/ScoreShow-160-25.jpg,True
PULSADOR GAMER VERDE,H1-3,1700,32,inicio,,products/H1-3.jpg,True
PULSADOR GAMER AMBAR,H1-1,1700,45,inicio,,products/H1-1.jpg,True
PULSADOR METALICO ALTO 19MM IP67 2 PINES,H3-13,4800,346,inicio,,products/H3-13.jpg,True
CONECTOR DE AVIACION GX16 - 4 PINES MACHO Y  HEMBRA,Q1-4P,2300,20,alimentacion,,products/Q1-4P.jpg,True
CONECTOR DE AVIACION GX16 - 3 PINES MACHO Y  HEMBRA,H4,2300,24,alimentacion,,products/H4.jpg,True
CONECTOR GX16 -3 PIN MAHO AEREO,Q1-3PMA,2300,24,alimentacion,,products/Q1-3PMA.jpg,True
MARCADOR SCORESHOW 360,ScoreShow-360,0,0,deportivo,,products/ScoreShow-360.jpg,True
Marcador ScoreSHOW 490,ScoreSHOW-490,0,0,deportivo,,products/ScoreSHOW-490.jpg,True
Marcador ScoreSHOW 540,ScoreSHOW-540,0,0,deportivo,,products/ScoreSHOW-540.jpg,True
Marcador ScoreSHOW 1000,ScoreSHOW-1000,0,0,deportivo,,products/ScoreSHOW-1000.jpg,True
Marcador ScoreSHOW 1210,ScoreSHOW-1210,0,0,deportivo,,products/ScoreSHOW-1210.jpg,True
SERVICIO TECNICO,,0,-1,desarrollos,,products/.jpg,False
INTERRUPTOR ON-OFF 2 PINES,M3B-KCD1,0,47,electricidad,,products/M3B-KCD1.jpg,True
MODULO LED 16X32,,0,0,desarrollos,,products/.jpg,True
CAUTIN 40W PINSUN,M340,3000,2,cautin,,products/M340.jpg,True
MARCADOR DEPORTIVO MM4896BT,MM4896BT,0,0,deportivo,,products/MM4896BT.jpg,True
PERNO PARKER 4X40MM (25 UNIDADES) ZINCADO,3256070005000C,4400,20,ferreteria,,products/3256070005000C.jpg,True
CABLE RED CAT7 10MTS,CT710M-C,6000,1,cables,,products/CT710M-C.jpg,True
TORNILLO ROSCALATA 6x1/2 (100 U),,1100,10,ferreteria,,products/.jpg,True
DISCO DE PULIDO,,4800,2,electronica,,products/.jpg,True
FUNDA RJ45 PACK 5 UNIDADES,R1-24,250,3,conectores,,products/R1-24.jpg,True
SEÑAL VIAL CARRO VMS96192W7C,VMS96192W7C,0,0,desarrollos,,products/VMS96192W7C.jpg,True
LED IR EMISOR 5MM (10U),IR-5E,4000,14,diodos,,products/IR-5E.jpg,True
TUERCA HEXAGONAL 5MM (100 UNIDAD),5032150010000C / K2,1100,13,ferreteria,,products/5032150010000C / K2.jpg,True
PERNO PARKER 5X30MM (25),3256670005000C,2700,18,ferreteria,,products/3256670005000C.jpg,True
PERNO PARKER 4X10MM (25UNIDADES),PK4X10J2-L,1600,40,ferreteria,,products/PK4X10J2-L.jpg,True
TORNILLO ROSCALATA 6x1/2(100U),,1100,10,ferreteria,,products/.jpg,True
PERNO PARKER 5X20MM (25UNIDADES),PK5X25J2-L,2400,4,ferreteria,,products/PK5X25J2-L.jpg,True
TUERCA HEXAGONAL 1/4 CON SEGURIDAD (100U),5054160010000C,2100,0,ferreteria,,products/5054160010000C.jpg,True
TUERCA HEXAGONAL 6MM CON SEGURIDAD (100U),5058180010000C/ K2,2200,1,ferreteria,,products/5058180010000C/ K2.jpg,True
TUERCA HEXAGONAL M6 - 1.0 CON SEGURIDAD (100U) METRICA,201TSN /K2,2200,43,ferreteria,,products/201TSN /K2.jpg,True
TUERCA HEXAGONAL M10 - 1.5 CON SEGURIDAD (100U) METRICA,203TSN / K2,2300,2,ferreteria,,products/203TSN / K2.jpg,True
TUERCA HEXAGONAL M10 - 1.5 CON SEGURIDAD (100U) METRICA,203TSN,2300,0,ferreteria,,products/203TSN.jpg,True
TUERCA HEXAGONAL 8MM CON SEGURIDAD (100U) METRICA,5058240010000C /K2,2300,5,ferreteria,,products/5058240010000C /K2.jpg,True
TUERCA HEXAGONAL 4MM (100 UNIDAD),5036120010000C / K2,1000,0,ferreteria,,products/5036120010000C / K2.jpg,True
GOLILLA 15/32 (100u),GO5/32,1800,20,ferreteria,,products/GO5/32.jpg,True
GOLILLA 3/16 (100U),GO3/16,1500,33,ferreteria,,products/GO3/16.jpg,True
GOLILLA 5/16 (100U),GO5/16,1300,12,ferreteria,,products/GO5/16.jpg,True
PELA CABLE 6 PULGADAS KAMASA,KM-028/ B2,3300,5,ferreteria,,products/KM-028/ B2.jpg,True
TUERCA ARAÑA 3/8  (25),TA-516 K1-3,3000,40,ferreteria,,products/TA-516 K1-3.jpg,True
TUERCA HEXAGONAL 1/4 CON SEGURIDAD (100U),5054160010000C / K2,2100,5,ferreteria,,products/5054160010000C / K2.jpg,True
ESCUADRA PIZARRAS 15MM,ESC-15MM_GL,500,0,ferreteria,,products/ESC-15MM_GL.jpg,True
FOCO ROJO CON BASE DE METAL,HS-510299,1000,8,iluminacion,,products/HS-510299.jpg,True
FOCO AMARILLO CON BASE DE METAL,HS-510210,1000,28,iluminacion,,products/HS-510210.jpg,True
SEÑALETICA VIAL VMS P10-DIP-64x128E,P10-DIP-64128E,0,0,desarrollos,,products/P10-DIP-64128E.jpg,True
SOPORTE TECNICO,STEC-1,0,0,desarrollos,,products/STEC-1.jpg,False
TAPA PERFIL 60X60MM,TPI-6060,740,0,inicio,,products/TPI-6060.jpg,True
CAJA ESTANCA 220 X 170 X 95 LISA,CAJA20,8000,20,cajas,,products/CAJA20.jpg,True
CAJA ESTANCA 170 X 140 X 85mm LISA,CAJA18,5200,96,cajas,,products/CAJA18.jpg,True
CAJA ESTANCA 100 X 100 X 60 LISA,CAJA16,2800,20,cajas,,products/CAJA16.jpg,True
CRONOMETRO CR3296-SEN,CR3296-SEN,0,0,cronometros,,products/CR3296-SEN.jpg,True
TRANSPORTE,FCHILE,0,0,desarrollos,,products/FCHILE.jpg,False
CONECTOR PARA PARLANTES 2 CLIP 4X4CM,TE1325,500,35,conectores,,products/TE1325.jpg,True
COPLA CONECTOR RJ45 CAT5E,BS-1196/ R2-28,1400,50,conectores,,products/BS-1196/ R2-28.jpg,True
GOLILLA 1/8 (100u),GO1/8,1800,16,ferreteria,,products/GO1/8.jpg,True
CABLE USB TIPO C CARGA RÁPIDA,,4500,6,cables,,products/.jpg,True
CABLE HDMI ULTRA PRO 1.8M,1153,4500,6,cables,,products/1153.jpg,True
ANTENA EWTTO DIGITAL HD PARA TV,ET-N0486,5500,5,comunicacion,,products/ET-N0486.jpg,True
TARJETA MICRO SD MAXELL 32GB CLASE 10,,6300,3,inicio,,products/.jpg,True
SEÑALETICA VIAL VMS6464BI,VMS6464BI,0,0,desarrollos,,products/VMS6464BI.jpg,True
IMPERMEABLE PARA CONECTOR RJ45 MACHO,M4CHORJ45,2500,100,conectores,,products/M4CHORJ45.jpg,True
SEÑALETICA VIAL VMS9696BI,VMS9696BI,0,0,desarrollos,,products/VMS9696BI.jpg,True
LUZ PILOTO LED AMARILLO 16MM 220V,,1000,23,iluminacion,,products/.jpg,True
PACK PILAS AAA 1.5V GENERICAS (4U),140139,0,9,inicio,,products/140139.jpg,True
PACK PILAS AA 1.5V GENERICAS (4U),140128,0,47,inicio,,products/140128.jpg,True
PACK PILAS PHILIPS AA 1.5V (4U),R06L2F,1500,33,inicio,,products/R06L2F.jpg,True
SPRAY PINTURA BLANCO BRILLANTE,,3500,6,ferreteria,,products/.jpg,True
PULSADOR 16MM,H39,400,30,inicio,,products/H39.jpg,True
PIC 16F883 INTEGRADO,I2-34,2521,42,inicio,,products/I2-34.jpg,True
ATMEGA328P,I2-42,4202,10,inicio,,products/I2-42.jpg,True
EL817C INTEGRADO,I2-67,672,490,inicio,,products/I2-67.jpg,True
CENTRAL METEOROLOGICA CM80,CM80,0,0,desarrollos,,products/CM80.jpg,True
MINI PROTOBOARD ROJO 170 PUNTOS,SET174,600,15,arduino,,products/SET174.jpg,True
MINI PROTOBOARD AZUL 170 PUNTOS ARDUINO,SET176,600,44,arduino,,products/SET176.jpg,True
SPRAY PINTURA BLANCO BRILLANTE,,3500,6,ferreteria,,products/.jpg,True
CARGADOR DE BATERIA 18650 EWTTO,ET-E6023,3500,5,cargadores,,products/ET-E6023.jpg,True
PORTA FUSIBLE CON CABLE,FUSECA1,1800,14,electricidad,,products/FUSECA1.jpg,True
ELIMINADOR PILAS PHILCO 1200MHA 6 CONECTORES,E1200,10400,6,adaptadores,,products/E1200.jpg,True
DISPLAY CAMBIO DE JUGADOR CJ3264,CJ3264,0,0,deportivo,,products/CJ3264.jpg,True
FUSIBLE CORTO 7A/250V (10 U),FUS007,840,7,electronica,,products/FUS007.jpg,True
FUSIBLE LARGO 1A/250V (10 U),FUS0L1,600,9,electricidad,,products/FUS0L1.jpg,True
FUSIBLE LARGO 0.5A/250V (10 U),FUS0L0.5,840,9,electricidad,,products/FUS0L0.5.jpg,True
LETRERO FULL COLOR wifi MG32160w,MG32160w,0,0,desarrollos,,products/MG32160w.jpg,True
LETRERO LED L32160W,L32160W,0,0,desarrollos,,products/L32160W.jpg,True
MINI PROTOBOARD VERDE 170 PUNTOS,SET171,600,38,arduino,,products/SET171.jpg,True
MINI PROTOBOARD NEGRO 170 PUNTOS,SET172,600,54,arduino,,products/SET172.jpg,True
MINI PROTOBOARD AMARILLO 170 PUNTOS,SET173,600,58,arduino,,products/SET173.jpg,True
INTEGRADO SALIDA AUDIO STK4142 II,STK4142II,5000,1,electronica,,products/STK4142II.jpg,True
INTEGRADO SALIDA AUDIO STK402-090,I2-12,8403,1,electronica,,products/I2-12.jpg,True
MULTITESTER XL830L,IRM-12630,6723,5,electricidad,,products/IRM-12630.jpg,True
FOCO LED 12W REDONDO,,4900,5,iluminacion,,products/.jpg,True
FOCO LED 12W CUADRADO,IRM-08716,4900,6,iluminacion,,products/IRM-08716.jpg,True
FOCO SOLAR CON CONTROL JD-2168B,JD-2168B,10000,6,iluminacion,,products/JD-2168B.jpg,True
TRANSFORMADOR 12V 5A MARCA AERBES,LZ11997,12000,6,adaptadores,,products/LZ11997.jpg,True
FOCO DE LUZ SOLAR TIPO CÁMARA DE SEGURIDAD SENSOR + CONTROL,,5000,2,iluminacion,,products/.jpg,True
CABLE HDMI 4K - 2.0 / 10 METROS ULTRA HD DE ALTA VELOCIDAD,,10500,3,cables,,products/.jpg,True
CABLE HDMI 4K - 2.0 / 10 METROS ULTRA HD DE ALTA VELOCIDAD,,10500,3,cables,,products/.jpg,True
TECLADO CONTROL DE ACCESO RFID,,20000,8,inicio,,products/.jpg,True
MULTITESTER TENAZA,M3456T,7000,4,electricidad,,products/M3456T.jpg,True
MINI JUMPER CON SEPARACION DE 2.5MM ARDUINO,WB61004,100,191,arduino,,products/WB61004.jpg,True
FUENTE SW 12V 10A 120W,FA-5V10A,9000,1,alimentacion,,products/FA-5V10A.jpg,True
FUENTE DE PODER 24V 60W 2.5A,,7000,3,electronica,,products/.jpg,True
FUENTE DE PODER 24V 100W 4.2A,12477,11000,3,fuentes-sw,,products/12477.jpg,True
FUENTE DE PODER 24V 200W 8.3A,K2,19000,3,electronica,,products/K2.jpg,True
MONITOR DE TEMPERATURA 0 A 100 GRADOS,PT100-3232,0,0,desarrollos,,products/PT100-3232.jpg,True
DIODO LED NEÓN 75V 5MM (10U),L3MB44,1000,67,componentes,,products/L3MB44.jpg,True
ENCHUFE TOMA 12V,ETOMA12V,4500,16,adaptadores,,products/ETOMA12V.jpg,True
TAPA REDONDA DE 3 PULGADA PLANA,TR3PP,776,18,ferreteria,,products/TR3PP.jpg,True
MG16128-W  LETRERO RUTERO,MG16128-W,0,0,desarrollos,,products/MG16128-W.jpg,True
CONECTOR RECTO FLEXIBLE METÁLICO 20mm,IEC20222,600,29,cables-electricidad,,products/IEC20222.jpg,True
FOCO LED 20W IP65,,13000,4,iluminacion,,products/.jpg,True
FOCO LED 30W IP65,,15000,4,electricidad,,products/.jpg,True
FOCO LED PANEL 12W,1112,5000,4,electricidad,,products/1112.jpg,True
INTERRUPTOR PERA ABS 6A 250V,INT-ABS_GL,900,36,electronica,,products/INT-ABS_GL.jpg,True
INTERRUPTOR LED RECTANGULAR DORADO,R2-9,1800,86,inicio,,products/R2-9.jpg,True
LED IR RECEPTOR 5MM (10U),IR-5R,4000,55,componentes,,products/IR-5R.jpg,True
LED IR RECEPTOR 3MM (10U),IR-3R,3500,19,componentes,,products/IR-3R.jpg,True
FUENTE SW 5V 10A,FA-5V10A (M2-3),10000,13,alimentacion,,products/FA-5V10A (M2-3).jpg,True
JACK RCA HEMBRA CHASIS,JA180BK,300,725,conectores,,products/JA180BK.jpg,True
INTERRUPTOR BOTON ROJO 2 PINES,M3B-I2P,500,35,inicio,,products/M3B-I2P.jpg,True
AMPOLLETA TIPO COLA DE PESCADO 12V 5W,12V-5W,300,56,iluminacion,,products/12V-5W.jpg,True
CONDENSADOR CERAMICO 15PF 50V,I3-7,39,991,condensadores,,products/I3-7.jpg,True
CONDENSADOR CERAMICO 10PF 50V,10j,39,94,condensadores,,products/10j.jpg,True
ENCHUFE MACHO - HEMBRA SIMPLE,,4500,5,enchufe,,products/.jpg,True
ENCHUFE MACHO SIMPLE,,1100,1,enchufe,,products/.jpg,True
CONECTOR RAPIDO 3 ENTRADAS,B1,500,11,conectores,,products/B1.jpg,True
CONECTOR RÁPIDO 2 VÍAS 32A 250V,PCT-212_GL,500,82,conectores,,products/PCT-212_GL.jpg,True
CONECTOR JACK ESTEREO 6.3,JK,1000,85,alimentacion,,products/JK.jpg,True
FLECHA SOLAR CON ATRIL 40X122CM,FS40-122A,0,0,desarrollos,,products/FS40-122A.jpg,True
FLECHA SOLAR CON ATRIL 50X50M,FS50-50A,0,0,desarrollos,,products/FS50-50A.jpg,True
CABLE PATCH CORD CAT7 1.5M,8P8C,3000,20,cables,,products/8P8C.jpg,True
PULSADOR METÁLICO 16MM  IP65,H4-1,3000,0,inicio,,products/H4-1.jpg,True
ADHESIVO ACERO LIQUIDO 56GRS REX,B3-10,3500,10,ferreteria,,products/B3-10.jpg,True
CONECTOR BNC MACHO RECTO RG59,BNC1-I4-6,1000,151,conectores,,products/BNC1-I4-6.jpg,True
"JACK RCA HEMBRA CHASIS, NEGRA",JA180GR,200,659,conectores,,products/JA180GR.jpg,True
POTENCIOMETRO DE AJUSTE 5K,I3-26,200,916,inicio,,products/I3-26.jpg,True
TIMBRE INALAMBRICO PARA ENCHUFE AIGOTAR,,7000,3,comunicacion,,products/.jpg,True
TIMBRE INALAMBRICO CON ENCHUFE,,10500,4,electronica,,products/.jpg,True
RELE 12V 16A 8 PIN,H2-25,1200,3,electronica,,products/H2-25.jpg,True
BANANA HEMBRA 24A,BH-24A_GL,0,0,conectores,,products/BH-24A_GL.jpg,True
DIODO ZENER (10U) - 1N4733A 5.1V,,1200,21,diodos,,products/.jpg,True
DIODO ZENER 9.1V,,1000,1,diodos,,products/.jpg,True
DIODO ZENER (10U) - 1N4733A 5.1V,,1200,21,diodos,,products/.jpg,True
DIODO ZENER (10U) - 1N4730A 3.9V,A2-2,1200,9,diodos,,products/A2-2.jpg,True
DIODO ZENER (10U) - C24ST 24V,,1200,14,diodos,,products/.jpg,True
DIODO 1N4148 (10U) - CONMUTACION DE ALTA VELOCIDAD,ST-4148,2000,46,diodos,,products/ST-4148.jpg,True
CONECTOR AMARILLO TERMINAL OJO,,1300,4,conectores,,products/.jpg,True
POTENCIOMETRO DE AJUSTE 20K,I3-24,200,445,inicio,,products/I3-24.jpg,True
POTENCIOMETRO DE AJUSTE 10K,I3-25,200,626,inicio,,products/I3-25.jpg,True
TERMORETRÁCTIL 10MM,PASILLO,900,25,alimentacion,,products/PASILLO.jpg,True
JACK DC 2.1/5.5 MM,JACK-2.1/5.5_GL,250,40,conectores,,products/JACK-2.1/5.5_GL.jpg,True
JACK DC 2.35/5.5 MM,JACK-2.35/5.5_GL,250,41,conectores,,products/JACK-2.35/5.5_GL.jpg,True
ULN2803 CIRCUITO INTEGRADO,I2-1,700,84,inicio,,products/I2-1.jpg,True
PLUG MACHO NEGRO-5.5/2.35,M2A-CPNM,600,81,conectores,,products/M2A-CPNM.jpg,True
REMACHE TUERCA 10MM (25),TR-10MM / K1,6500,12,ferreteria,,products/TR-10MM / K1.jpg,True
TERMORETRÁCTIL 1.0MM,TER-010,500,28,ferreteria,,products/TER-010.jpg,True
TERMORETRÁCTIL 2.0MM,TER-020,500,23,ferreteria,,products/TER-020.jpg,True
TERMORETRÁCTIL 3.0MM,TER-030,500,17,alimentacion,,products/TER-030.jpg,True
TERMORETRÁCTIL 4.0MM,TER-040,600,13,ferreteria,,products/TER-040.jpg,True
TERMORETRÁCTIL 5.0MM,TER-050,600,0,alimentacion,,products/TER-050.jpg,True
TERMORETRÁCTIL 6.0MM,TER-060,700,19,ferreteria,,products/TER-060.jpg,True
TERMORETRÁCTIL 9.0MM,TER-090,800,30,ferreteria,,products/TER-090.jpg,True
CAJA PLASTICA 158X90X60MM IP65 NEGRA,CHL180356,4500,0,cajas,,products/CHL180356.jpg,True
DISPLAY LED INDUSTRIAL 1 LINEA 16X64,DIL1-1664-SE,0,0,desarrollos,,products/DIL1-1664-SE.jpg,True
DIP SWITCH 6 POSICIONES INTERRUPTOR,H2-16/3,500,50,electronica,,products/H2-16/3.jpg,True
MODULO LED 3X20 12V,5054-3LED,4500,4,inicio,,products/5054-3LED.jpg,True
RELOJ ALARMA 64X128CM,RG64128BT,0,0,desarrollos,,products/RG64128BT.jpg,True
MODULO DECODIFICADOR RX480E ARDUINO,RX480E,5000,44,arduino,,products/RX480E.jpg,True
"TIJERA DE METAL "7"",MIK-7,900,11,ferreteria,,products/MIK-7.jpg,True
KIT ELÉCTRICO ESCOLAR 9 PIEZAS,Y00341,1800,100,electronica,,products/Y00341.jpg,True
INTERRUPTOR PARA MAQUINARIA 220VAC 5A,H5-5,2200,9,inicio,,products/H5-5.jpg,True
INTERRUPTOR PARA MAQUINARIA KAO-5H,H5-4,5000,4,inicio,,products/H5-4.jpg,True
EXTRACTOR DE SOLDADURA 18CM,EX18CM,2100,8,extractor,,products/EX18CM.jpg,True
USB HUB 3.0 - 4 PUERTOS ALTA VELOCIDAD,,4000,16,electronica,,products/.jpg,True
INTERRUPTOR PALANCA 2 PINES ON/OFF,H2-1,600,33,inicio,,products/H2-1.jpg,True
CAJA PLASTICA 83X58X35MM NEGRA IP65,CHL180352,2400,0,cajas,,products/CHL180352.jpg,True
CAJA PLASTICA 120X120X90MM IP65 NEGRA,CHL180355,5500,20,cajas,,products/CHL180355.jpg,True
CAJA PLASTICA 115X90X55MM IP65 NEGRA,CHL180354,3500,10,cajas,,products/CHL180354.jpg,True
CONTADOR DE EVENTOS C1632,C1632,0,0,desarrollos,,products/C1632.jpg,True
INTERRUPTOR ROCKER 4P 20A 250VAC PILOTO ROJO WATERPROOF IP65,M3B-IRR,2403,17,inicio,,products/M3B-IRR.jpg,True
BASE 28 PINES PORTAINTEGRADO ANCHO,BS28P,200,158,inicio,,products/BS28P.jpg,True
RELE 24V/80A 5 PINES,JD2914-5/H4-12,2600,14,electronica,,products/JD2914-5/H4-12.jpg,True
FOCO MINI SOLAR,,8000,5,iluminacion,,products/.jpg,True
DISPLAY LED INDUSTRIAL 1 LINEA 16X96,DIL1-1696-SE,0,0,desarrollos,,products/DIL1-1696-SE.jpg,True
SISTEMA DE MONITOREO V3.0,SM-500-V3,0,0,desarrollos,,products/SM-500-V3.jpg,True
SERVICIO WEB Y MAPA,SER-X10,0,0,desarrollos,,products/SER-X10.jpg,False
FOTOCELDA LDR 7MM 500 OHM / 10K RESISTOR,A2-6,500,44,iluminacion,,products/A2-6.jpg,True
MICROFONO CZN-15E CONDENSADOR,TDMC15E,450,49,condensadores,,products/TDMC15E.jpg,True
"KIT POLEAS, ENGRANAJES Y RUEDAS 78 PIEZAS ARDUINO",MODPOL01,4500,15,arduino,,products/MODPOL01.jpg,True
SEÑAL VIAL VMS96128W,VMS96128W,0,0,desarrollos,,products/VMS96128W.jpg,True
CONDENSADOR 470UF /50V,I3-8,223,191,condensadores,,products/I3-8.jpg,True
MOTOR 6V DC,MOT6V,601,50,inicio,,products/MOT6V.jpg,True
MOTOR 9V DC,MOT9V,798,45,electronica,,products/MOT9V.jpg,True
INTERRUPTOR ROCKER 4P 20A 250VAC AMARILLO WATERPROOF IP65,M3B-IRA,2403,17,inicio,,products/M3B-IRA.jpg,True
DIODO LED RGB 5MM- 2 COLORES (10U),RGB-A3U,1100,14,iluminacion,,products/RGB-A3U.jpg,True
DIODO LED ALTO BRILLO 10MM AMBAR (10U),L1A ABMR,1800,46,componentes,,products/L1A ABMR.jpg,True
MINI ALICATE PUNTA TENAZAS,,3100,10,alicates,,products/.jpg,True
CONDENSADOR 2200UF /50V,I3-14,1300,142,condensadores,,products/I3-14.jpg,True
CONDENSADOR 1000UF /50V,I3-17,500,149,condensadores,,products/I3-17.jpg,True
MINI ALICATE PUNTA CURVA,,3100,12,alicates,,products/.jpg,True
MINI ALICATE PUNTA TENAZAS,,3100,9,ferreteria,,products/.jpg,True
CONDENSADOR 22UF /50V,I3-4,70,799,condensadores,,products/I3-4.jpg,True
CONDENSADOR 33UF /50V,I3-6,70,599,condensadores,,products/I3-6.jpg,True
SEÑAL VIAL VMS64128W,VMS64128W,0,0,desarrollos,,products/VMS64128W.jpg,True
SN 74 LS 07 INTEGRADO,SNLS07,319,9,componentes,,products/SNLS07.jpg,True
CONECTOR AMARILLO TERMINAL OJO,,1300,2,conectores,,products/.jpg,True
FASTON 16-14 AWG 6.3 MM (20U),F1614AH_GL,1200,1,aisladores,,products/F1614AH_GL.jpg,True
Marcador Multideportivo MV160120-5,MV160120-5,0,0,desarrollos,,products/MV160120-5.jpg,True
PISTOLA SILICONA CALIENTE BARRA MAKAWA,PT2052,8800,5,ferreteria,,products/PT2052.jpg,True
LENTE LUPA RELOJ CON 4 LENTES Y LUZ LED,LENTLUPA,11000,1,electronica,,products/LENTLUPA.jpg,True
TECLADO GAMER,M-1100,10000,5,electronica,,products/M-1100.jpg,True
MINI ALICATE PUNTA CURVA,,3100,12,alicates,,products/.jpg,True
DISPLAY LED INDUSTRIAL 2 LINEAS 64X192,DIL2-64192-ET,0,0,desarrollos,,products/DIL2-64192-ET.jpg,True
FLECHA  SOLAR CON ATRIL 60X100CM,FS60-100A,0,0,desarrollos,,products/FS60-100A.jpg,True
PILA AAA DURACELL (1U),AAADU-B1,900,9,ferreteria,,products/AAADU-B1.jpg,True
SEÑALETICA VIAL P5AR-64x64,P5AR-6464,0,0,desarrollos,,products/P5AR-6464.jpg,True
ZAPATILLA ALARGADOR 6 POSICIONES,,3000,7,enchufe,,products/.jpg,True
CONDENSADOR 2200UF /25V,2200UF25V,1100,30,condensadores,,products/2200UF25V.jpg,True
CONDENSADOR 2200UF /16V,I3-18,800,29,condensadores,,products/I3-18.jpg,True
CONDENSADOR 1000UF /25V,I3-16,400,0,condensadores,,products/I3-16.jpg,True
CONDENSADOR 10UF / 50V,I3-5,63,200,condensadores,,products/I3-5.jpg,True
CONDENSADOR 4700UF /25V,I3-15,1800,25,condensadores,,products/I3-15.jpg,True
CONDENSADOR 47UF /250V,I3-10,500,45,condensadores,,products/I3-10.jpg,True
CONDENSADOR 47UF /16V,I3-12,50,570,condensadores,,products/I3-12.jpg,True
CONDENSADOR 47UF /50V,I3-11,60,691,condensadores,,products/I3-11.jpg,True
TOTEM LED SERVICENTRO TS-300,TS-300,0,0,desarrollos,,products/TS-300.jpg,True
CAPTURADORA DE VIDEO HDMI 4K/2K,120856,12000,3,electronica,,products/120856.jpg,True
CONDENSADOR 220UF / 16V,220UF16V,60,0,condensadores,,products/220UF16V.jpg,True
CONDENSADOR 220UF / 25V,I3-13,100,0,condensadores,,products/I3-13.jpg,True
CONDENSADOR 1UF / 50V,I3-2,50,290,condensadores,,products/I3-2.jpg,True
"CONDENSADOR  0,1UF / 50V",I3-3,50,133,condensadores,,products/I3-3.jpg,True
CONDENSADOR 2.2UF / 50V,I3-1,50,549,condensadores,,products/I3-1.jpg,True
CONDENSADOR 100UF / 50V,I3-9,90,170,condensadores,,products/I3-9.jpg,True
DIMMER 12-24V 30A REGULADOR DE VOLTAJE,,5000,8,electronica,,products/.jpg,True
RESISTENCIAS 1/6W 5% (50 unidades),R-1/6-5,0,122,1-6w-5,,products/R-1/6-5.jpg,True
LETRERO LED RGB  12V/24V,P355X12,130000,50,inicio,,products/P355X12.jpg,True
MARCADOR SEGMENTADO MS150,MS150,0,0,deportivo,,products/MS150.jpg,True
CONSOLA MINERA CSL-4040,CSL-4040-V6,0,0,desarrollos,,products/CSL-4040-V6.jpg,True
TOTEM LED SERVICENTRO TS400,TS-400-5,0,0,desarrollos,,products/TS-400-5.jpg,True
RESISTENCIAS 1/4W 5% (25 unidades),R-1/4-5,0,560,1-4w-5,,products/R-1/4-5.jpg,True
RESISTENCIAS 1/2W 5% (25 unidades),R-1/2-5,0,343,1-2w-5,,products/R-1/2-5.jpg,True
PASTA TÉRMICA DISIPADORA HY410 10g,HY410,1100,10,inicio,,products/HY410.jpg,True
LUZ PILOTO CON VOLTIMETRO 60-500V,L-500V,1300,7,iluminacion,,products/L-500V.jpg,True
TERMISTOR NTC 52A 10K (10pcs),A2-9,2900,95,electronica,,products/A2-9.jpg,True
RESISTENCIAS 1/4W 5% (25 unidades),R-1/4-5,0,560,1-4w-5,,products/R-1/4-5.jpg,True
RESISTENCIAS 1/2W 5% (25 unidades),R-1/2-5,0,343,1-2w-5,,products/R-1/2-5.jpg,True
DIMMER 12V - 24V REGULADOR DE VOLTAJE,DC12-24,3000,9,electronica,,products/DC12-24.jpg,True
REGULADOR DE CARGA SOLAR DIGITAL 12V 24V 20A 2USB,DY-020A,15000,16,inicio,,products/DY-020A.jpg,True
DISIPADOR DE CALOR ALUMINIO 15x10x25 INTEGRADO,,700,98,inicio,,products/.jpg,True
PUENTE KBPC 8010/AC RECTIFICADOR,KBPC8010,2300,10,diodos,,products/KBPC8010.jpg,True
RODAMIENTO EN MINIATURA,,600,19,inicio,,products/.jpg,True
TBLOCK 3X6 5.0 300V 10A,140V-5.0_GL,400,44,conectores,,products/140V-5.0_GL.jpg,True
POTENCIÓMETRO P-103 PRECISIÓN 10K,I3-21,300,36,inicio,,products/I3-21.jpg,True
MONO 6.3 MACHO PLUG JACK,H2-36,1200,5,adaptadores,,products/H2-36.jpg,True
CINTA AISLANTE AMARILLA 0.15mm x 18mm x 10Y,CIA314,500,4,ferreteria,,products/CIA314.jpg,True
INVERSOR DE VOLTAJE DC 24V A 12V 20A,v2412-20,11000,5,electricidad,,products/v2412-20.jpg,True
INVERSOR DE VOLTAJE DC 24V A 12V 30A,L2-30,11000,3,electronica,,products/L2-30.jpg,True
VENTILADOR VN-551 12V 120X120X25MM,VN-551,4100,9,electricidad,,products/VN-551.jpg,True
FUENTE DE PODER 12V 3A 36W ULTRAFINA,XCT12-36W,5000,10,fuentes-sw,,products/XCT12-36W.jpg,True
REGULADOR DE CARGA SOLAR DIGITAL 12V 24V 10A 2USB,DY-003,6000,28,inicio,,products/DY-003.jpg,True
POTENCIOMETRO 10K,I3-34,500,292,inicio,,products/I3-34.jpg,True
CABLE DE PODER TIPO TRÉBOL 1.5M,32CBLAC600,1300,10,cables,,products/32CBLAC600.jpg,True
PUNTA TESTER MULTIMETRO 1000V 10A,PT1000V_GL,4000,8,electricidad,,products/PT1000V_GL.jpg,True
MICRO INTERRUPTOR,H5-1,600,800,inicio,,products/H5-1.jpg,True
VENTILADOR VN-2350 12V 60X60X15MM,VN-2350,2200,5,electricidad,,products/VN-2350.jpg,True
VENTILADOR VN-392 220V 80X80X25MM,VN-392,4613,4,electricidad,,products/VN-392.jpg,True
VENTILADOR VN-4051 12V 92X92X25MM,VN-4951,2500,6,electricidad,,products/VN-4951.jpg,True
MUR 2060CT DIODO DOBLE RAPIDO TO-220 20A 600V,MUR2060CT,800,30,diodos,,products/MUR2060CT.jpg,True
PIC 12F629 INTEGRADO,I2-30,2100,49,inicio,,products/I2-30.jpg,True
CONECTOR PARA PARLANTES 2 CLIP,TE1354,1000,34,conectores,,products/TE1354.jpg,True
BT136S - 600D TRANSISTOR,I2-47,903,234,inicio,,products/I2-47.jpg,True
MUR 1060CT DIODO RAPIDO TO-220 10A 600V,MUR1060CT,700,30,diodos,,products/MUR1060CT.jpg,True
MUR 3060CT DIODO DOBLE RAPIDO TO-220 30A 600V,MUR3060CT,1000,30,diodos,,products/MUR3060CT.jpg,True
MAX 232 INTEGRADO,I2-38,900,9,inicio,,products/I2-38.jpg,True
MICRO SWITCH 53MM  PULSADOR,H3-10,600,50,inicio,,products/H3-10.jpg,True
MICRO SWITCH PULSADOR,H3-11,600,50,inicio,,products/H3-11.jpg,True
PLACA DE PERTINAX 10X30CM 1 FAZ,CL1030,1700,95,ferreteria,,products/CL1030.jpg,True
PIC 16F887 INTEGRADO,I2-51,2500,30,inicio,,products/I2-51.jpg,True
FUENTE DE PODER LED 12V 25A 300W,12054,12000,3,electronica,,products/12054.jpg,True
FUENTE DE PODER LED 12V 16.6A  200W,12053,12000,4,electronica,,products/12053.jpg,True
MARCADOR DEPORTIVO MD-32-T-122,MD-32-T-122,0,0,desarrollos,,products/MD-32-T-122.jpg,True
KIT PARA DREMEL 80 PIEZAS.,ACT080,6800,1,ferreteria,,products/ACT080.jpg,True
MINI REPETIDOR WiFi KNUP,MR100,12000,3,electronica,,products/MR100.jpg,True
FUENTE DE PODER LED 12V 5A 60W,12051,7000,27,electronica,,products/12051.jpg,True
MÓDULO TRANSCEPTOR RF NRF24L01 2.4 GHZ,,1500,3,electronica,,products/.jpg,True
SENSOR DE HUMEDAD Y TEMPERATURA DHT11,DHT11,1400,6,inicio,,products/DHT11.jpg,True
FUENTE 12V 10A 120W ANGOSTA,FP12-120WL,7100,45,electronica,,products/FP12-120WL.jpg,True
ROSETA CAJA Rj45 CAT 6 SIMPLE,,1400,20,conectores,,products/.jpg,True
CABLE AUXILIAR AUDIO PLUS 3.5MM 1000 MM,6525,2000,10,cables-electricidad,,products/6525.jpg,True
TIMER DIGITAL PROGRAMABLE TEMPORIZADOR DIGITAL,,10000,3,electronica,,products/.jpg,True
PCB PERFORADO 7X5 cm DOBLE CARA ARDUINO,PCB7X5,1100,57,arduino,,products/PCB7X5.jpg,True
"BROCA FRESADORA 5,0 MM",,4500,4,brocas,,products/.jpg,True
MODULO NRF24L01 WIFI,E2BIRF,3300,2,inicio,,products/E2BIRF.jpg,True
MODULO HW-131 ALIMENTACIÓN,MOD-3V,2000,3,alimentacion,,products/MOD-3V.jpg,True
PLACA ADAPTADORA PARA MODULO NRF24L01,,1100,10,adaptadores,,products/.jpg,True
ESPUMA EXPANSIVA REX 750 ML,,8000,13,ferreteria,,products/.jpg,True
SOPORTE PEDESTAL PARA TALADRO 455MM,JA18942,24000,3,ferreteria,,products/JA18942.jpg,True
FOCO NEBLINERO 6 LED MOTO,,4000,4,electricidad,,products/.jpg,True
CINTA AISLANTE NEGRA 0.15mm x 18mm x 10Y,CIA310,500,16,inicio,,products/CIA310.jpg,True
TESTER CABLE RED UTP LAN TELÉFONO RJ45 RJ11,Q-314,3000,5,electronica,,products/Q-314.jpg,True
"MINI ALICATE DE CORTE 4,5" PULIDO",,3000,23,alicates,,products/.jpg,True
"BROCA FRESADORA 6,0 MM",,5000,4,brocas,,products/.jpg,True
FLUX EN PASTA 10G,FX-10M,2000,46,flux,,products/FX-10M.jpg,True
CERRADURA,,2000,20,inicio,,products/.jpg,True
CERRADURA CHAPA PARA GUANTERA O CAJON,,2200,86,inicio,,products/.jpg,True
CHAPA ELECTRICA CON LLAVE,,2500,99,inicio,,products/.jpg,True
SET TERMINAL DE CABLE BALA ROJO - AZUL  24 UNIDADES,,1900,13,inicio,,products/.jpg,True
PC817 CIRCUITO INTEGRADO,I2-3,300,78,inicio,,products/I2-3.jpg,True
TERMINAL P/PARLANTE 2 JACK SPEAKON 85*100MM,,2000,25,inicio,,products/.jpg,True
PRENSA ESTOPA PG11 NEGRA PA66 IP68,CHL180384,500,110,electricidad,,products/CHL180384.jpg,True
FLUX 60/40 60ml,60/40FLUX,2000,26,flux,,products/60/40FLUX.jpg,True
POTENCIÓMETRO 3296 PRESET 10K,I3-23,400,55,electronica,,products/I3-23.jpg,True
CAJA ORGANIZADORA RENA ROBUSTA ONE 19x16x3.5cm,C1916,3000,8,cajas,,products/C1916.jpg,True
MINI BOMBA 3-6V 1.5W,BA36_GL,1900,32,bomba,,products/BA36_GL.jpg,True
MALLA DESOLDADORA,,1500,4,inicio,,products/.jpg,True
"PASTA TÉRMICA DISIPADORA 1,93W, JERINGA 5G",HY510,1100,10,inicio,,products/HY510.jpg,True
CONECTOR BNC MACHO PARA RG58 LMR195,BNC1 / I3-5,1000,38,conectores,,products/BNC1 / I3-5.jpg,True
POTENCIÓMETRO 3296 PRESET 50K,I3-22,500,160,electronica,,products/I3-22.jpg,True
RELE MINIATURA DE 8 PIN 5V,H2-24-1,1500,9,electronica,,products/H2-24-1.jpg,True
MICRO SERVO MOTOR SG90 PARA ARDUINO,SG-90-Q2-4,3000,33,electronica,,products/SG-90-Q2-4.jpg,True
BASE PLASTICA PARA RELE PCB 8PIN SERIE SMIH,BS204 / H2-37,800,27,electronica,,products/BS204 / H2-37.jpg,True
RELE 24V 16A 8 PIN,H2-26,2000,32,electronica,,products/H2-26.jpg,True
RELE 24V 16A 8 PIN,H2-22,1600,34,electronica,,products/H2-22.jpg,True
PLACA DE PERTINAX 10X10CM 1 FAZ,CL1010,1000,84,ferreteria,,products/CL1010.jpg,True
RELE 24V 20A 5PIN,H2-23,1600,19,electronica,,products/H2-23.jpg,True
TBLOCK 1X2 8.0 20A 600V,TB1X2-8.0_GL,210,100,electronica,,products/TB1X2-8.0_GL.jpg,True
JACK DC 2.1 MM,JACK-2.1_GL,409,12,conectores,,products/JACK-2.1_GL.jpg,True
"JACK DC 2,35 MM",JACK-2.35_GL,409,50,conectores,,products/JACK-2.35_GL.jpg,True
PUENTE RECTIFICADOR 10A 1000V,KBPC-1010,1227,49,electronica,,products/KBPC-1010.jpg,True
JACK ESTEREO 3.5MM HEMBRA,,1300,19,electronica,,products/.jpg,True
PLUG 3.5 STEREO MACHO METALICO,PL133,600,15,conectores,,products/PL133.jpg,True
DIP SWITCH 2 POSICIONES,H2-16/2,300,48,inicio,,products/H2-16/2.jpg,True
DIP SWITCH 8 POSICIONES,H2-16/4,500,50,inicio,,products/H2-16/4.jpg,True
PLUG SMA TIPO CRIMP PARA RG58,CN981,1000,10,inicio,,products/CN981.jpg,True
CONECTOR HEMBRA C13 250V 10A,CP-22S_GL,1000,117,electricidad,,products/CP-22S_GL.jpg,True
CONECTOR CHASIS POWERCON OUT,,2000,10,inicio,,products/.jpg,True
MÓDULO SENSOR DETECTOR MOVIMIENTO PIR HC-SR501 ARDUINO,Q2-47,2597,6,arduino,,products/Q2-47.jpg,True
MODULO RELE 5V X1 - TONGLING,JQC-3FF-S-Z-P1-1,2000,19,inicio,,products/JQC-3FF-S-Z-P1-1.jpg,True
MODULO DRIVER MOSFET IRF520,Q2-5,1200,19,electronica,,products/Q2-5.jpg,True
LUZ PILOTO LED 16MM 220V,,1092,4,electronica,,products/.jpg,True
LUZ PILOTO LED VERDE 16MM 24V,,1000,8,electronica,,products/.jpg,True
LUZ PILOTO LED VERDE 16MM 220V,,1000,-1,electronica,,products/.jpg,True
CONECTOR DE AVIACION GX16 DE 6 PINES MACHO Y HEMBRA,Q1-6P,2300,11,alimentacion,,products/Q1-6P.jpg,True
CONECTOR DE AVIACION GX16 - 2 PINES MACHO Y  HEMBRA,Q1-2P,2300,3,alimentacion,,products/Q1-2P.jpg,True
CONECTOR DE AVIACION GX16 - 8 PINES MACHO Y HEMBRA,Q2-8P,2300,0,alimentacion,,products/Q2-8P.jpg,True
CONECTOR SPEAKER HEMBRA 4 PIN,SVP563R,3000,28,inicio,,products/SVP563R.jpg,True
CONECTOR SPEAKON HEMBRA 4PIN,,2000,18,inicio,,products/.jpg,True
PULSADOR DE PARADA DE EMERGENCIA,H1-6,3000,26,inicio,,products/H1-6.jpg,True
ZUMBADOR BUZZER ACTIVO,A2-5,300,30,componentes,,products/A2-5.jpg,True
CONECTOR CON CHASIS HEMBRA AZUL,,1260,9,inicio,,products/.jpg,True
MODULO RELOJ RTC,RTC1307,2000,8,electronica,,products/RTC1307.jpg,True
MODULO CARGADOR BMS BATERÍA 18650,,1800,3,electronica,,products/.jpg,True
MODULO SWICH CONTROL WIFI ESP8266 CON 1 RELAY POWER 7-30V,,7554,2,electronica,,products/.jpg,True
PASTA DE ESTAÑO  TEMPERATURA 183° 20G KAISI,KAISI183,1900,3,estano,,products/KAISI183.jpg,True
PASTA DE ESTAÑO TEMPERATURA 138° 20G KAISI,KAISI138,1700,1,estano,,products/KAISI138.jpg,True
INTERRUPTOR FIN DE CARRERA,H2-7,400,38,electronica,,products/H2-7.jpg,True
CONECTOR MOLEX MACHO 6 PINES,H2-48,100,84,conectores,,products/H2-48.jpg,True
COPLA HDMI H-H,HDMI-H_GL,1300,21,inicio,,products/HDMI-H_GL.jpg,True
SET PINZAS CAIMAN 12UNI,,1000,1,electricidad,,products/.jpg,True
LIMPIADOR DE CONTACTO REX 400 ML,30409,3200,6,ferreteria,,products/30409.jpg,True
FUSIBLE TERMICO RAPIDO 2A 250V 125°,A2-1,1300,42,electronica,,products/A2-1.jpg,True
BUZZER PIEZO ELECTRICO 6-24V DC 84DB,,1000,46,componentes,,products/.jpg,True
"TERMINAL FERRUL 1,0mm",E1008,1000,10,electronica,,products/E1008.jpg,True
"CONECTOR PLUG SPEAKON 3 POLOS AC POWER PL-261, UNIDAD",PL-261,2800,43,inicio,,products/PL-261.jpg,True
RELE SOLIDO 1 CANAL,E2RBS1,2900,29,inicio,,products/E2RBS1.jpg,True
MODULO RELE SOLIDO 2 CANALES,EST2RELE2,5000,9,electronica,,products/EST2RELE2.jpg,True
REGULADOR 7805,M2B-7805,500,470,electronica,,products/M2B-7805.jpg,True
PACK BATERIA LITIO CR2032 (5U),CR2032,2000,6,inicio,,products/CR2032.jpg,True
LED DIFUSO SURTIDO 3MM Y 5MM (200U),LED200-001,5800,91,electronica,,products/LED200-001.jpg,True
VMS SOLAR 96X256CM WIFI,VMS96X256W,0,0,desarrollos,,products/VMS96X256W.jpg,True
MOTOR SPINDLE DC RS-775 150W 12-24V 12000 RPM CON ENGRANAJE,M150W,10000,10,electronica,,products/M150W.jpg,True
PLACA DE PERTINAX 10X20CM 1 FAZ,PX1020F1,1300,40,ferreteria,,products/PX1020F1.jpg,True
"ALICATE CORTE MINI 5" KAMASA",km-566,2503,7,alicates,,products/km-566.jpg,True
SENSOR DE MOVIMIENTO 12V 24V,PIRDC12,9000,50,inicio,,products/PIRDC12.jpg,True
"REMACHADORA DE TUERCAS 16"",610150,110000,8,ferreteria,,products/610150.jpg,True
"CONECTOR JACK 2,1 VCC",VCC-2.1_GL,1100,0,conectores,,products/VCC-2.1_GL.jpg,True
"CONECTOR JACK 2,5 VCC",VCC-2.5_GL,1100,44,conectores,,products/VCC-2.5_GL.jpg,True
SET FERRULERA Y CAJA FERRULE 1200 PCS,HSC864,15000,10,ferreteria,,products/HSC864.jpg,True
COPLA RJ45 cat.6E,BS1197,2000,4,cajas,,products/BS1197.jpg,True
PORTA CAUTIN,,4200,9,cautin,,products/.jpg,True
PACK PILA 18650 4.2V 3000mah RECARGABLE (2U),EW18650,4200,9,inicio,,products/EW18650.jpg,True
DIODO LED ALTO BRILLO 5MM ROJO OVALADO  (25U),L5ALO,1600,31,electronica,,products/L5ALO.jpg,True
"FUENTE 12V 3,75A",FP-1237,6200,15,electronica,,products/FP-1237.jpg,True
MINI PANEL SOLAR 72.5X70.5,COD161,1700,49,inicio,,products/COD161.jpg,True
CABLE VIDEO VGA- 10 METROS,VGA10M,6000,3,inicio,,products/VGA10M.jpg,True
BATERIA RECARGABLE 9V SDNMY,SDB9VR,6400,1,inicio,,products/SDB9VR.jpg,True
PILA 18650 GPTOP 8800 mAh 3.7 V ROJA,8800-37V,2500,83,ferreteria,,products/8800-37V.jpg,True
CINTA LED BLANCO CALIDO 5MTS 12V,CL12-C,6000,5,inicio,,products/CL12-C.jpg,True
INTERRUPTOR DE PALANCA LED VEREDE DE 12-24V/20AI VERDE,H3-3-1,3000,5,inicio,,products/H3-3-1.jpg,True
INTERRUPTOR DE PALANCA LED AMARILLO 12-24V/20AI AMARILLO,H3-3-2,3000,10,inicio,,products/H3-3-2.jpg,True
INTERRUPTOR DE PALANCA CON LUZ DE 12-24V/20 TRANSPARENTE,H3-3-3,3000,2,inicio,,products/H3-3-3.jpg,True
FUSIBLE LARGO 3A/250V (10 U),FUS0L30,600,7,electronica,,products/FUS0L30.jpg,True
FUSIBLE LARGO 2A/250V (10 U),FUS0L20,600,8,electronica,,products/FUS0L20.jpg,True
CARGADOR DE PILA SUGDU 802B,115906,6000,4,cargadores,,products/115906.jpg,True
MINI PANEL SOLAR 84x56 5v 0.5w,RY7-2425,3000,46,electronica,,products/RY7-2425.jpg,True
FUSIBLE LARGO 4A/250V (10 U),,600,9,electronica,,products/.jpg,True
FUSIBLE LARGO 3.5A/250V (10 U),FUS0L35,600,8,electronica,,products/FUS0L35.jpg,True
FUSIBLE LARGO 2.5A/250V (10 U),FUS0L25,600,8,electronica,,products/FUS0L25.jpg,True
PUNTA CAUTIN 40W,,1000,19,cautin,,products/.jpg,True
CONECTOR DB9 HEMBRA,VDB9H,450,3,conectores,,products/VDB9H.jpg,True
BROCHE BATERÍA 9V,CCB9V,335,159,baterias,,products/CCB9V.jpg,True
FUSIBLE CORTO 1A/250V (10 U),FUS01,500,0,electronica,,products/FUS01.jpg,True
FUSIBLE CORTO 3A/250V (10 U),FUS03,500,5,electronica,,products/FUS03.jpg,True
FUSIBLE CORTO 4A/250V (10 U),FUS04,500,9,electronica,,products/FUS04.jpg,True
FUSIBLE CORTO 10A/250V (10 U),FUS010,500,6,electronica,,products/FUS010.jpg,True
FUSIBLE LARGO 5A/250V (10 U),FUS0L5,600,2,electronica,,products/FUS0L5.jpg,True
FUSIBLE LARGO 10A/250V (10 U),FUS0L10,600,8,electronica,,products/FUS0L10.jpg,True
SPRAY MULTIUSO 250ML,,3000,14,inicio,,products/.jpg,True
PIE DE METRO DIGITAL,QST-150,3092,8,ferreteria,,products/QST-150.jpg,True
CARGADOR 18650 PHILCO 1X2 + 2 PILAS 3000 mAh,PARED,8000,2,cargadores,,products/PARED.jpg,True
CAJA ORGANIZADORA MULTIUSO,C30446,4600,4,cajas,,products/C30446.jpg,True
SÚPER PEGAMENTO ADHESIVO,70122,2200,13,inicio,,products/70122.jpg,True
SET 32 PIEZAS DESTORNILLADORES,9102,5000,3,destornilladores,,products/9102.jpg,True
CAJA 190X140X70MM DE CONEXION IMPERMEABLE,S190,5200,1,inicio,,products/S190.jpg,True
TUBO CORRUGADO 10M *25MM,PP25AD,8400,3,inicio,,products/PP25AD.jpg,True
CONECTOR MOLEX HEMBRA 6 PINES,MOH6P,100,84,conectores,,products/MOH6P.jpg,True
COAXIAL RG-6 (10U),,1000,10,conectores,,products/.jpg,True
COAXIAL F RG6 DE COMPRESIÓN,2A-RG6,400,12,conectores,,products/2A-RG6.jpg,True
CONECTOR DE CHASIS XLR HEMBRA,H2-43,1000,7,conectores,,products/H2-43.jpg,True
ESPUMA RENOVADOR AUTOLIMPIANTE CAUCHO O LLANTA 480CC,,4200,2,inicio,,products/.jpg,True
DIP SWITCH 4 POSICIONES,H2-16,400,34,inicio,,products/H2-16.jpg,True
FOTOCELDA LDR 5MM,FC105,300,28,componentes,,products/FC105.jpg,True
MOTOR REDUCTOR PARA ARDUINO 3V,I1-7,2000,60,electronica,,products/I1-7.jpg,True
CONECTOR USB TIPO B HEMBRA PCB,M2A-USBTB,400,8,conectores,,products/M2A-USBTB.jpg,True
PANTALLA LED 96X192CM P10 WIFI,CF96192-P10W,0,0,desarrollos,,products/CF96192-P10W.jpg,True
ENCHUFE POWER MACHO-SWITCH ON/OFF,EPMSOO,2200,5,inicio,,products/EPMSOO.jpg,True
BOTON DE SEGURIDAD LA128,LA128,2500,8,inicio,,products/LA128.jpg,True
CONECTOR DE ENCHUFE DIN MACHO,H2-35,1000,2,conectores,,products/H2-35.jpg,True
DIODO LED RGB 5MM- 3 COLORES (10U),RGB-A4U,2000,62,diodos,,products/RGB-A4U.jpg,True
CABLE PODER PULPO  1X4,CCTV-1X4_GL,2000,14,inicio,,products/CCTV-1X4_GL.jpg,True
PRENSA ESTOPA PG -7,CHL180382,300,40,electronica,,products/CHL180382.jpg,True
PRENSA ESTOPA PG - 9,CHL180381,300,43,electronica,,products/CHL180381.jpg,True
CAJA150 X 110X70MM DE CONEXIONES IMPERMEABLE,S155,4500,4,inicio,,products/S155.jpg,True
TAPA PERFIL 15X30MM OVALADA,TPI-1530_GL,190,0,ferreteria,,products/TPI-1530_GL.jpg,True
PANTALLA PARA ARDUINO LCD 1602A MODULO,LCD1602-P1-4,5000,18,inicio,,products/LCD1602-P1-4.jpg,True
TAPA PERFIL 10X20MM,TPI-1020,90,0,ferreteria,,products/TPI-1020.jpg,True
CUBIERTA DB9 VOLANTE,CDB9V,400,97,inicio,,products/CDB9V.jpg,True
CONECTOR DB9 PCB HEMBRA,H2-DB9H,2000,47,conectores,,products/H2-DB9H.jpg,True
SENSOR DE FLUJO DE AGUA,YF-S201_GL,5000,10,bomba,,products/YF-S201_GL.jpg,True
SENSOR DE FLUJO DE AGUA,YF-S401_GL,7000,9,bomba,,products/YF-S401_GL.jpg,True
VOLTIMETRO,218973,3200,11,inicio,,products/218973.jpg,True
VOLTÍMETRO Y AMPERÍMETRO DIGITAL PANEL,,3800,3,inicio,,products/.jpg,True
VOLTÍMETRO DIGITAL,,2800,18,inicio,,products/.jpg,True
PORTA AMPOLLETA ESCOLAR,,200,61,inicio,,products/.jpg,True
PIN HEADER MACHO 1X40 90° (10U),PH1X40-90_GL,3000,20,conectores,,products/PH1X40-90_GL.jpg,True
TAPA PERFIL 15X25 MM,TPI-1525,140,0,ferreteria,,products/TPI-1525.jpg,True
CONVERSOR USB SERIAL TTL FT232RL FTDI 5.5/3.3V,FT232RL,4500,82,inicio,,products/FT232RL.jpg,True
MODULO RS 485 - MAX 485,MAXRS485,2500,0,electronica,,products/MAXRS485.jpg,True
MODULO ETHERNET ENC-28J60 MINI,HR911105A,5000,7,electronica,,products/HR911105A.jpg,True
MODULO SENSOR VELOCIDAD 3.3v-5v,,1500,6,electronica,,products/.jpg,True
PUENTE H L298,,3000,0,electronica,,products/.jpg,True
MODULO LM555 GENERADOR AJUSTABLE.,,1000,7,inicio,,products/.jpg,True
ARDUINO MICRO PRO,MICRO-Q2-31,7000,0,arduino,,products/MICRO-Q2-31.jpg,True
GENERADOR PANEL PWM 1HZ-150 Khz,,9000,2,inicio,,products/.jpg,True
TOPES DE GOMA NEGRA 3CM DE LARGO,,900,20,inicio,,products/.jpg,True
SWITCH DE RED 5 PUERTOS 10/100mbps Pix-link,,13000,1,inicio,,products/.jpg,True
CONECTOR SPEAKON MACHO CON FUNDA,SPEM1F,1800,34,conectores,,products/SPEM1F.jpg,True
CONECTOR SPEAKON MACHO AZUL,4246,2100,46,inicio,,products/4246.jpg,True
CABLE DE ALIMENTACION TIPO 8,C8-141,1697,64,inicio,,products/C8-141.jpg,True
ADAPTADOR ENCHUFE 250V BLANCO,EP031 / R1-18,2000,7,adaptadores,,products/EP031 / R1-18.jpg,True
ENCHUFE HEMBRA VOLANTE 10A CON TIERRA NEGRA,EP078,1900,80,enchufe,,products/EP078.jpg,True
ENCHUFE MACHO VOLANTE 2P+T PESADO 10A 250V,EP077,1800,67,enchufe,,products/EP077.jpg,True
CABLE USB TIPO B 1.5M,USB-B-1.5M_GL,1200,21,inicio,,products/USB-B-1.5M_GL.jpg,True
CONECTOR DB9 MACHO,VDB9M,412,129,conectores,,products/VDB9M.jpg,True
SENSOR PRESIÓN BAROMÉTRICA BMP180,BMP180,2500,30,inicio,,products/BMP180.jpg,True
CONTROL DE TEMPERATURA W1209,w1209,3800,5,inicio,,products/w1209.jpg,True
"SPLITER METALICO, 1 ENTRADA 4 SALIDAS 5-1200MHZ",,1000,88,electronica,,products/.jpg,True
MINI CARGADOR,,1700,1,inicio,,products/.jpg,True
MODULO 8 DIGITOS DRIVER MAX 7219,,8000,3,inicio,,products/.jpg,True
TERMINAL BATERIA CON PVC Set X 2.,2224,1800,5,inicio,,products/2224.jpg,True
ADAPTADOR ENCHUFE C14 MACHO CHASIS,TEM104/ R1-27,1000,152,adaptadores,,products/TEM104/ R1-27.jpg,True
DISIPADOR PARA INTEGRADO PACK 2 UNIDADES,DIN2U,600,48,electronica,,products/DIN2U.jpg,True
SEÑAL VIAL VMS32128W,VMS32128W,0,0,desarrollos,,products/VMS32128W.jpg,True
CINTA AMERICANA 48MM X 5M,1479,3000,3,ferreteria,,products/1479.jpg,True
SUPER ADHESIVO INSTANTANEO 20G,15600,3000,3,inicio,,products/15600.jpg,True
LUBRICANTE REX 40 MULTIUSO 400ml,1950,3500,8,ferreteria,,products/1950.jpg,True
BROCA 2MM HSS,,2000,89,brocas,,products/.jpg,True
ADAPTADOR HDMI H - DVI-D M.,B4-1,3000,1,adaptadores,,products/B4-1.jpg,True
DIODO LED ALTO BRILLO 5MM (25U),LAB5MM,0,0,electronica,,products/LAB5MM.jpg,True
DIODO LED ALTO BRILLO 3MM (25U),LAB3MM,0,0,electronica,,products/LAB3MM.jpg,True
RCA PLUG MACHO,M2A-46,700,79,conectores,,products/M2A-46.jpg,True
CONECTOR DB 37 HEMBRA,H2-45,3000,47,conectores,,products/H2-45.jpg,True
TIMBRE INALAMBRICO PARA ENCHUFE IRM,,7000,2,componentes,,products/.jpg,True
ADAPTADOR SCHUKO 3 PATAS,R2-14,2000,48,adaptadores,,products/R2-14.jpg,True
CAUTIN 60W TIPO LAPIZ,5649459741642,4500,3,cautin,,products/5649459741642.jpg,True
BROCA 4.0MM HSS (LARGO 80MM),,3500,17,brocas,,products/.jpg,True
BROCA 2.5MM HSS,,2200,70,brocas,,products/.jpg,True
TRANSFORMADOR 5V 3A  5.5 X 2.1MM,M-3,3400,22,inicio,,products/M-3.jpg,True
INVERSOR DE VOLTAJE 1000W 12V,IN1000W,34000,2,electronica,,products/IN1000W.jpg,True
KIT CHASIS PARA ROBOTICA 4 RUEDAS,SKU: 870-105,11000,7,electronica,,products/SKU: 870-105.jpg,True
JUEGO DE DADOS 9PCS,SDY-94168,3000,4,ferreteria,,products/SDY-94168.jpg,True
BROCA M2 9.0MM HSS,,7000,6,brocas,,products/.jpg,True
BROCA M2 13.0MM HSS,,16000,4,brocas,,products/.jpg,True
BROCA 7.3MM HSS,,5300,19,brocas,,products/.jpg,True
"BROCA 4,3MM HSS (LARGO 80MM)",,4000,36,brocas,,products/.jpg,True
"BROCA 5,3MM HSS (LARGO 80,5MM)",,4200,46,brocas,,products/.jpg,True
BROCA 6MM HSS (LARGO 90MM),,4400,8,brocas,,products/.jpg,True
BROCA 5.0MM HSS,,4100,5,brocas,,products/.jpg,True
SILICONA ALTA TEMPERATURA REX,,5000,7,ferreteria,,products/.jpg,True
SILICONA NEUTRA COLUMBIA NEGRO,E2-3,4500,14,ferreteria,,products/E2-3.jpg,True
PUNTA PHILLIPS 65MM IMANTADA,pp65,1200,8,inicio,,products/pp65.jpg,True
SOLMAFORO UV-13040-RGB-SL,UV-13040-RGB-SL,0,0,desarrollos,,products/UV-13040-RGB-SL.jpg,True
SENSOR CREPUSCULAR,IP44S,4000,0,inicio,,products/IP44S.jpg,True
PROTECTOR PARA OREJAS KAMASA,,5000,3,ferreteria,,products/.jpg,True
MINI TALADRO Y AMOLADORA 12V - PT1403,PT1403,13000,8,ferreteria,,products/PT1403.jpg,True
FOCO HALOGENO LED 10W,16509,4500,6,iluminacion,,products/16509.jpg,True
FOCO LED 20W CON SENSOR,16718,13000,4,iluminacion,,products/16718.jpg,True
NEBLINERO CON LUPA 6 LED 12-80VDC/ 18W,,5500,1,iluminacion,,products/.jpg,True
"NEBLINERO DE 9 LED, 12V, CUADRADO",2167,4000,3,inicio,,products/2167.jpg,True
NEBLINEROS LED COB REDONDOS,C4-3,3500,5,inicio,,products/C4-3.jpg,True
PILA 18650 GPTOP 8800 mAh 3.7 V AZUL,PL8800,2500,136,ferreteria,,products/PL8800.jpg,True
AMARRAS PLASTICAS 500 PCS,,5000,8,ferreteria,,products/.jpg,True
VOLTIMETRO TUERCA PARA PANEL,V-AZUL,6000,25,electronica,,products/V-AZUL.jpg,True
FOCO SOLAR CON SENSOR,LZ21787,5000,3,iluminacion,,products/LZ21787.jpg,True
PACK PILA 27A 12V (5U),2534,2500,1,inicio,,products/2534.jpg,True
"PELA CABLE- APRIETA TERMINAL 8" CRIMPING TOOL",RIF-9363679 / B2,3500,9,ferreteria,,products/RIF-9363679 / B2.jpg,True
SET DESTORNILLADORES 6PCS,MK-0822,5000,6,destornilladores,,products/MK-0822.jpg,True
MINI ALICATE DE PUNTA LARGA,JA18946,2000,27,alicates,,products/JA18946.jpg,True
SET DESTORNILLADOR RELOJERO ESTRELLA 6PCS,DES6P,2100,10,destornilladores,,products/DES6P.jpg,True
PIE DE METRO PLASTICO,,1600,6,ferreteria,,products/.jpg,True
ADHESIVO PACK 3PCS,B2,1200,10,ferreteria,,products/B2.jpg,True
REPUESTO CORTACARTON MOTARRO,,2689,3,ferreteria,,products/.jpg,True
SET DE DESTORNILLADORES RELOJEROS,,2200,10,destornilladores,,products/.jpg,True
ANTENA WIFI 2.0,AW2W,4500,3,ferreteria,,products/AW2W.jpg,True
CAJA ORGANIZADORA PLASTICA,,10000,5,ferreteria,,products/.jpg,True
CAJA ORGANIZADORA,C30445,3900,3,ferreteria,,products/C30445.jpg,True
SPRAY PINTURA AMARILLA REX,,2500,6,ferreteria,,products/.jpg,True
SPRAY PINTURA BLANCO MATE,,3500,6,ferreteria,,products/.jpg,True
RUEDA METÁLICA ROLL ON,R10RL,400,79,ferreteria,,products/R10RL.jpg,True
PERNO PARKER NEGRO 8X60MM,PK-8X60N,300,0,ferreteria,,products/PK-8X60N.jpg,True
"FLECHA CON CARRO,  SOLAR 122X244CM",FS122-244C,0,45,desarrollos,,products/FS122-244C.jpg,True
RELOJ GPS 48X96CM,RG4896GPS,0,0,desarrollos,,products/RG4896GPS.jpg,True
RELE 12V 10A 5 PINES,RL12-5-I4-15,1000,99,electronica,,products/RL12-5-I4-15.jpg,True
MODULO RELE X1 5V - BESTEP,E2RB1,2100,31,inicio,,products/E2RB1.jpg,True
MODULO RELE 5V X2,MR2-5V-P1-1,2200,50,inicio,,products/MR2-5V-P1-1.jpg,True
MODULO RELE 5V X4,MR4-5V-P1-3,4200,71,inicio,,products/MR4-5V-P1-3.jpg,True
MODULO RELE 5V X8,MR8-5V-P1-2,8000,20,inicio,,products/MR8-5V-P1-2.jpg,True
FUENTE SW 5V 20A,FA-5V20A,18000,5,electronica,,products/FA-5V20A.jpg,True
FUENTE SW 5V 12A 60W,FA-5V12A,11000,3,electronica,,products/FA-5V12A.jpg,True
RUEDA LOCA PLÁSTICO NEGRA,R10L,1000,56,ferreteria,,products/R10L.jpg,True
CRONOMETRO CR1696-BT,CR1696-BT,0,0,desarrollos,,products/CR1696-BT.jpg,True
RELOJ CONTROL RC-3296BT,RC-3296BT,0,0,desarrollos,,products/RC-3296BT.jpg,True
TRANSFORMADOR 5V 3A PLUG MICRO USB,PA13605V-3USB,3400,13,adaptadores,,products/PA13605V-3USB.jpg,True
CONECTOR RJ45 (10U),RJ-45-R1- 24,700,40,conectores,,products/RJ-45-R1- 24.jpg,True
FLECHA MINERA 14 CLUSTER,FM-601-14,0,0,desarrollos,,products/FM-601-14.jpg,True
LED 1W CON BASE DISIPADORA,LB1W,800,269,electricidad,,products/LB1W.jpg,True
PANTALLA LED 96X192CM P5,CF96192-P5,0,0,desarrollos,,products/CF96192-P5.jpg,True
SEÑAL VIAL VSM1664,VSM1664,0,0,desarrollos,,products/VSM1664.jpg,True
FUENTE 12V 5A 60W,FP12-60WL,6200,12,electronica,,products/FP12-60WL.jpg,True
MONITOR DE TEMPERADURA DOBLE TEM-3296,TEM-3296,0,0,desarrollos,,products/TEM-3296.jpg,True
INTERRUPTOR DE PALANCA,H3-7,1500,59,inicio,,products/H3-7.jpg,True
INVERSOR 150W 12V A 220VAC,IN150W,15000,9,electronica,,products/IN150W.jpg,True
"RELE 220V  2NC 2NA 10A, JQX-13F",JQX-13F-R2-5,8000,46,inicio,,products/JQX-13F-R2-5.jpg,True
RELE 24V 8PINES,REL24V8P-H2-27,2000,23,electronica,,products/REL24V8P-H2-27.jpg,True
DISPLAY PEDIDO RGB  WIFI MG1696W,MG1696W10,0,0,desarrollos,,products/MG1696W10.jpg,True
INTEGRADO CD4511,M2B-4511,1000,82,electronica,,products/M2B-4511.jpg,True
INTEGRADO CD4510,M2B-4510,1000,90,electronica,,products/M2B-4510.jpg,True
INTEGRADO CD4051,M2B-4051,600,2,electronica,,products/M2B-4051.jpg,True
TRANSISTOR 2N2222 (10U),M2B-2N2222,1000,96,electronica,,products/M2B-2N2222.jpg,True
MC 14553 BCP INTEGRADO,MC-14553,1000,33,electronica,,products/MC-14553.jpg,True
TDA 2003AV INTEGRADO,M2B-2003AV,1500,35,electronica,,products/M2B-2003AV.jpg,True
INTEGRADO LM1881,M2B-1881,1000,45,electronica,,products/M2B-1881.jpg,True
PIC 16F873A INTEGRADO,I2-28,4300,10,electronica,,products/I2-28.jpg,True
PIC 16F716 INTEGRADO,I2-29,4500,24,electronica,,products/I2-29.jpg,True
PIC 12F509 INTEGRADO,I2-31,2000,5,electronica,,products/I2-31.jpg,True
PIC 12F675 INTEGRADO,I2-33,2500,95,electronica,,products/I2-33.jpg,True
PIC 18F2550 INTEGRADO,I2-32,4500,1,electronica,,products/I2-32.jpg,True
PIC 18F25K22 INTEGRADO,I2-27,4500,7,electronica,,products/I2-27.jpg,True
PIC 16F628A INTEGRADO,I2-35,2500,3,electronica,,products/I2-35.jpg,True
INTEGRADO LM 386,M2B-LM386,1000,132,electronica,,products/M2B-LM386.jpg,True
INTEGRADO LM 741,M2B-LM741,500,476,electronica,,products/M2B-LM741.jpg,True
INTEGRADO LM 358,M2B-LM358,500,96,electronica,,products/M2B-LM358.jpg,True
INTEGRADO CD4017,M2B-4017,600,93,electronica,,products/M2B-4017.jpg,True
INTEGRADO CD4543,M2B-4543,1000,34,electronica,,products/M2B-4543.jpg,True
POTENCIOMETRO 500K,I3-29,500,65,electronica,,products/I3-29.jpg,True
INTERRUPTOR AMARILLO 4 PINES CON PILOTO,KA4P,1700,97,inicio,,products/KA4P.jpg,True
INTERRUPTOR ROJO 4 PINES CON PILOTO,KR4P,1700,0,electricidad,,products/KR4P.jpg,True
INTERRUPTOR PALANCA 6 PINES ON/OFF/ON,,800,5,inicio,,products/.jpg,True
INTERRUPTOR PALANCA 3 PINES ON/OFF/ON,H2-58,500,31,interruptores,,products/H2-58.jpg,True
PULSADOR 3 PINES,,300,7,electricidad,,products/.jpg,True
PULSADOR 3 PINES,,300,6,electricidad,,products/.jpg,True
POTENCIOMETRO 100K,I3-31,500,2,electronica,,products/I3-31.jpg,True
POTENCIOMETRO 5K,I3-35,500,578,electronica,,products/I3-35.jpg,True
POTENCIOMETRO 1K,I3-36,500,65,electronica,,products/I3-36.jpg,True
LM 555 INTEGRADO,M2B-LM555,300,171,electronica,,products/M2B-LM555.jpg,True
POTENCIOMETRO 220K,I3-32,500,22,electronica,,products/I3-32.jpg,True
POTENCIOMETRO 1M,I3-27,500,722,electronica,,products/I3-27.jpg,True
PERNO DOBLE RANURA 4X5MM (100U),PDR-4X5,1400,17,ferreteria,,products/PDR-4X5.jpg,True
PERNO DOBLE RANURA 4X25MM (100U),PDR-4X25,1800,5,ferreteria,,products/PDR-4X25.jpg,True
CRONOMETRO 24/14 BASQUETBOL,C24/14-3232,0,0,cronometros,,products/C24/14-3232.jpg,True
POTENCIOMETRO 250K,I3-28,500,48,electronica,,products/I3-28.jpg,True
POTENCIOMETRO 20K,I3-33,500,86,electronica,,products/I3-33.jpg,True
NE 555 INTEGRADO,M2B-NE555,300,114,electronica,,products/M2B-NE555.jpg,True
POTENCIOMETRO 50K,I3-30,500,43,componentes,,products/I3-30.jpg,True
PULSADOR  GAMER AZUL,H1-2,1700,30,electronica,,products/H1-2.jpg,True
GOLILLA 1/4 (100u),GO1/4,1300,88,ferreteria,,products/GO1/4.jpg,True
PERNO DOBLE RANURA 3X25MM (100U),PDR-3X25,1900,7,ferreteria,,products/PDR-3X25.jpg,True
PERNO DOBLE RANURA 3X20MM (100U),PDR-3X20,1800,14,ferreteria,,products/PDR-3X20.jpg,True
PERNO DOBLE RANURA 3X30MM (100U),PDR-3X30,2000,4,ferreteria,,products/PDR-3X30.jpg,True
PINZA COCODRILO ROJA 55MM,R1-20.2,150,2,electronica,,products/R1-20.2.jpg,True
PINZA COCODRILO NEGRA 55MM,R1-20.1,150,6,alimentacion,,products/R1-20.1.jpg,True
RELE 5V 10A 5 PINES,RL5-5,1000,43,electronica,,products/RL5-5.jpg,True
RELE 24V/80A 4 PINES,JD2914-P4-H4-14,2500,22,electronica,,products/JD2914-P4-H4-14.jpg,True
MODULO MINI OSD,MO-328,10000,1,inicio,,products/MO-328.jpg,True
INTERFAZ IIC/I2C LCD 1602,LCD-1602,1300,11,inicio,,products/LCD-1602.jpg,True
SENSOR HUMEDAD TIERRA,MH-SS,1681,43,inicio,,products/MH-SS.jpg,True
PULSADOR  GAMER ROJO,H1-5,1700,22,electronica,,products/H1-5.jpg,True
PULSADOR  GAMER AMARILLO,H1-4,1700,37,electronica,,products/H1-4.jpg,True
PULSADOR  GAMER NEGRO,,1700,0,inicio,,products/.jpg,True
INTERRUPTOR 3 PINES ROJO 15/30A,H3-6,1700,46,inicio,,products/H3-6.jpg,True
MINI MARCADOR M3264BT,MM3264BT,0,0,desarrollos,,products/MM3264BT.jpg,True
MINI MARCADOR MM70140BT,MM70140BT,0,0,deportivo,,products/MM70140BT.jpg,True
MÓDULO SENSOR HALL 3144E,YL-57,1800,7,inicio,,products/YL-57.jpg,True
ARDUINO LILYPAD ATMEGA328,LP-AtM318p-Q2-16,4202,23,arduino,,products/LP-AtM318p-Q2-16.jpg,True
MODULO ARDUINO WIFI,ESP8266MOD-Q2-18,5042,9,inicio,,products/ESP8266MOD-Q2-18.jpg,True
MÓDULO LORA XL1278 COMPONENTE,B1-2,5042,13,componentes,,products/B1-2.jpg,True
BNC MACHO CON BORNES,BNC-M-2B_GL,1000,30,conectores,,products/BNC-M-2B_GL.jpg,True
PINZA COCODRILO NEGRA 40MM,R1-20.3,100,94,inicio,,products/R1-20.3.jpg,True
PULSADOR METALICO 12MM IP65 CON LED 24V,PNA-24V,2700,14,inicio,,products/PNA-24V.jpg,True
CELDA PELTIER TERMOELECTRICO TEC1-12706,TEC1-12706,4000,36,inicio,,products/TEC1-12706.jpg,True
PULSADOR DIP 4 PINES,H3-8,200,882,electronica,,products/H3-8.jpg,True
PULSADOR DIP 4 PINES,PEN-0275-0,150,164,inicio,,products/PEN-0275-0.jpg,True
PULSADOR SMD 4 PINES,PSMD6,150,918,inicio,,products/PSMD6.jpg,True
PULSADOR DIP 2 PINES,H2-13,150,22,inicio,,products/H2-13.jpg,True
PULSADOR CUADRADO ROJO 1A,PDIP-1A,300,122,inicio,,products/PDIP-1A.jpg,True
CABLE DMX  5 MTS,CAB-DMX-5,5000,9,inicio,,products/CAB-DMX-5.jpg,True
CONECTOR MODULO RJ11,CC-RJ11-M,700,269,inicio,,products/CC-RJ11-M.jpg,True
USB TIPO A PARA PCB,USB-A-PCB,500,449,conectores,,products/USB-A-PCB.jpg,True
PORTA LAMPARA E27 250V 4A,M1101A_GL,500,4,iluminacion,,products/M1101A_GL.jpg,True
BASE LOZA E27 250V 4A,MOD6012_GL,1000,14,inicio,,products/MOD6012_GL.jpg,True
REGLETA 45A 600V 2X5,R45600-5,1700,106,inicio,,products/R45600-5.jpg,True
REGLETA 25A 600V 2X4,R25600-4,1700,105,inicio,,products/R25600-4.jpg,True
PORTA RELE PLÁSTICO,IIIB-3-Ñ7-1,1600,8,inicio,,products/IIIB-3-Ñ7-1.jpg,True
PERNO DOBLE RANURA 3X6MM (100U),PDR-3X6,1400,36,ferreteria,,products/PDR-3X6.jpg,True
PERNO DOBLE RANURA 3X10MM (100U),PDR-3X10,1500,20,ferreteria,,products/PDR-3X10.jpg,True
PERNO DOBLE RANURA 3X15MM (100U),PDR-3X15,1600,42,ferreteria,,products/PDR-3X15.jpg,True
CRIMPADORA KAMASA KM-049,KM049,7000,1,ferreteria,,products/KM049.jpg,True
CABLE USB 2.0 M A RS 232M,USB2RS,5000,1,inicio,,products/USB2RS.jpg,True
ADAPTADOR SCHUKO 2 PATAS,EK2877-2 / R2-11,1200,89,adaptadores,,products/EK2877-2 / R2-11.jpg,True
CARGADOR PILAS DOBLE 18650,CAR-186502,6000,1,cargadores,,products/CAR-186502.jpg,True
ELIMINADOR DE PILA 1200 mA,RST-102970,8000,11,inicio,,products/RST-102970.jpg,True
BANANA MACHO NEGRO,BMR-4MM_GL,400,3,conectores,,products/BMR-4MM_GL.jpg,True
ADAPTADOR ENCHUFE MANGUERA LED,351445C / R2-14,1700,20,inicio,,products/351445C / R2-14.jpg,True
COPLA RJ45 HEMBRA,CTF1651,1400,56,conectores,,products/CTF1651.jpg,True
TRANSISTOR  (SCR)  C 106 D,I2-40,900,9,electronica,,products/I2-40.jpg,True
TERMINAL OJO 300A,O300A,2200,20,electricidad,,products/O300A.jpg,True
TERMINAL OJO 100A  UNIDAD,O100A,1200,0,electricidad,,products/O100A.jpg,True
"TERMINAL OJO 15A, SET 15 UNIDADES",O15AS,1100,29,electricidad,,products/O15AS.jpg,True
SEÑAL VIAL CARRO VMS96192W + FLECHA,VMS96192W+F,0,0,desarrollos,,products/VMS96192W+F.jpg,True
LED BALIZA IMANTADA ÁMBAR,Q88062A,8000,5,inicio,,products/Q88062A.jpg,True
DIODO 1N4007 PACK 25UNIDADES,1N4007,1300,61,diodos,,products/1N4007.jpg,True
DIODO 1N5408 PACK 10 UNIDADES,10N5408,1500,0,diodos,,products/10N5408.jpg,True
DIODO MIC 6A10,1MIC6,400,12,diodos,,products/1MIC6.jpg,True
ADHESIVO EPOXICO,SP-15046 / B3-8,2500,0,adhesivos,,products/SP-15046 / B3-8.jpg,True
"PELACABLES AUTOMÁTICO 8" 200MM",140304,12000,4,ferreteria,,products/140304.jpg,True
REGULADOR 7809,M2B-7809,500,165,electronica,,products/M2B-7809.jpg,True
REGULADOR 7812,M2B-7812,500,199,electronica,,products/M2B-7812.jpg,True
LM 317 REGULADOR,LM317R,500,458,electronica,,products/LM317R.jpg,True
BT 136 TRANSISTOR,I2-43,500,112,electronica,,products/I2-43.jpg,True
BTA 06 TRANSISTOR,I2-44,900,5,electronica,,products/I2-44.jpg,True
TRANSISTOR TIP 36C,I2-63,1800,24,electronica,,products/I2-63.jpg,True
TRANSISTOR 2N-3904,I2-58,300,-2,electronica,,products/I2-58.jpg,True
TRANSISTOR 2N3906 (10U),M2B-2N3906,1000,18,electronica,,products/M2B-2N3906.jpg,True
TRANSISTOR TIP 42C,I2-64,700,36,electronica,,products/I2-64.jpg,True
TRANSISTOR TIP 41C,I2-61,700,96,electronica,,products/I2-61.jpg,True
TRANSISTOR BTA 12/600B,I2-46,1000,59,electronica,,products/I2-46.jpg,True
TRANSISTOR BTA 10/600B,I2-45,900,12,electronica,,products/I2-45.jpg,True
TRANSISTOR IRF 540N,I2-2,1200,10,electronica,,products/I2-2.jpg,True
TRANSISTOR TIP 35C,I2-65,1700,11,electronica,,products/I2-65.jpg,True
BROCA ESCALONADA PINO 8-20mm,BP820,8100,5,brocas,,products/BP820.jpg,True
REGULADOR 7806,M2B-7806,500,187,electronica,,products/M2B-7806.jpg,True
REGULADOR 7815,M2B-7815,500,190,electronica,,products/M2B-7815.jpg,True
SN 74 LS 90 INTEGRADO,I2-24,1200,0,electronica,,products/I2-24.jpg,True
SN 74 LS 08 INTEGRADO,I2-18,400,90,electronica,,products/I2-18.jpg,True
SN 74 LS 04 INTEGRADO,I2-19,400,90,electronica,,products/I2-19.jpg,True
SN 74 LS 02 INTEGRADO,I2-20,400,50,electronica,,products/I2-20.jpg,True
SN 74 LS 00 INTEGRADO,I2-21,400,9,electronica,,products/I2-21.jpg,True
PUENTE KBPC 2010/AC,KBPC2010,2100,13,electronica,,products/KBPC2010.jpg,True
PUENTE RECTIFICADOR 2W02,KBP2W02,500,93,electronica,,products/KBP2W02.jpg,True
SOLVENTE DIELÉCTRICO 5 LITROS,SL-5DS,17000,7,ferreteria,,products/SL-5DS.jpg,True
DISPLAY LED INDUSTRIAL 2 LINEAS 32X96,DIL2-3296-SE,0,0,desarrollos,,products/DIL2-3296-SE.jpg,True
DIODO LED DIFUSO 3MM (25U),LD3MM,0,0,electronica,,products/LD3MM.jpg,True
DIODO LED DIFUSO 5MM (25U),LD5MM,0,0,iluminacion,,products/LD5MM.jpg,True
RELOJ LED 4000 23X46CM,J4000,27000,4,inicio,,products/J4000.jpg,True
SN 74 LS 193 INTEGRADO,I2-17,800,16,electronica,,products/I2-17.jpg,True
SN 74 LS 47 INTEGRADO,I2-25,900,82,electronica,,products/I2-25.jpg,True
SN 74 HC 595 INTEGRADO,I2-15,600,30,electronica,,products/I2-15.jpg,True
SN 74 HC 164 INTEGRADO,I2-22,500,23,electronica,,products/I2-22.jpg,True
SN 74 LS 136 INTEGRADO,I2-23,500,21,electronica,,products/I2-23.jpg,True
INTERRUPTOR 4PINES,H28,1000,0,inicio,,products/H28.jpg,True
INTERRUPTOR ESCOLAR,M3B-IE,225,267,inicio,,products/M3B-IE.jpg,True
KIT BOBINA TESLA,TESLA1,10000,9,arduino,,products/TESLA1.jpg,True
INTERRUPTOR 3 PINES 15/30A 250V,KCD3P3,1000,36,inicio,,products/KCD3P3.jpg,True
PULSADOR MODULAR OFF ON 6A 250V 2PINES,SW103T,400,110,electronica,,products/SW103T.jpg,True
INTERRUPTOR 16A 2 PINES,H3-5,900,167,inicio,,products/H3-5.jpg,True
PUENTE KBPC 2510/AC,KBPC2510,2300,12,electronica,,products/KBPC2510.jpg,True
REED SWITCH MAGNETICO,Q1,400,198,inicio,,products/Q1.jpg,True
CRISTAL 20.000,,420,29,componentes,,products/.jpg,True
SIERRAS DE CORONAS 9PCS,SC9ANTE,8800,1,inicio,,products/SC9ANTE.jpg,True
RELE 12V/100A 5 PINES,EK14896-5-H4-15,2200,29,electronica,,products/EK14896-5-H4-15.jpg,True
RELE 12V/100A 4 PINES,JD1912-4P-H4-13,2000,18,electronica,,products/JD1912-4P-H4-13.jpg,True
RELOJ CONTROL RC-1696BT,RC-1696BT,0,-1,desarrollos,,products/RC-1696BT.jpg,True
INTERRUPTOR 6 PINES,H5-2,2000,51,inicio,,products/H5-2.jpg,True
LCD KEYPAD SHIELD 1602 16x2 5 BOTONES,KEYPAD,5042,9,inicio,,products/KEYPAD.jpg,True
PANTALLA LCD 12864 ZW,ZW128,8000,5,inicio,,products/ZW128.jpg,True
"PERILLA CON PERNO HILO 3/8"",PP3/8,1400,0,ferreteria,,products/PP3/8.jpg,True
"REGULADOR PERNO 3/8"",RP3/8,1120,0,ferreteria,,products/RP3/8.jpg,True
PERILLA CON PERNO HILO 1/4″,PP1/4,840,0,ferreteria,,products/PP1/4.jpg,True
PACK PILA DURACELL D2 1.5V (2U),MN1300B2-B1,4700,9,electronica,,products/MN1300B2-B1.jpg,True
ADAPTADOR UNIVERSAL 3 PATAS,EK2877-3 / R2-11,1200,2,inicio,,products/EK2877-3 / R2-11.jpg,True
DISPLAY LED 7 SEGMENTO 1X4,564135,2000,53,inicio,,products/564135.jpg,True
MATRIZ LED DE PUNTOS 8X8 38MM,1588BH6,2000,26,inicio,,products/1588BH6.jpg,True
DISPLAY LED 7 SEGMENTO CATODO,564136,500,55,inicio,,products/564136.jpg,True
MATRIZ LED DE PUNTOS 8X8 60MM,SEM-2388AGBW,3000,1,inicio,,products/SEM-2388AGBW.jpg,True
MOTOR DC 12V,MT12v,1000,18,electronica,,products/MT12v.jpg,True
MOTOR 6V 7000RPM,MT6vRPM,3000,25,electronica,,products/MT6vRPM.jpg,True
MODULO RFDI KIT,RFDI,2521,8,electronica,,products/RFDI.jpg,True
MODULO TERMISTOR BRICK,MBRICK / Q2-30,3000,10,electronica,,products/MBRICK / Q2-30.jpg,True
MODULO/SENSOR ULTRA SONIDO,MUSHC04,1600,32,electronica,,products/MUSHC04.jpg,True
I2C CONTROLADOR LCD 1602 Y 1604,LCD16C,1672,11,inicio,,products/LCD16C.jpg,True
ZOCALO ZIF 40 PINES,MZKLO-H4-2,3400,17,inicio,,products/MZKLO-H4-2.jpg,True
LCD 1602A CON CONTROLADOR,LCD16CC,4286,15,inicio,,products/LCD16CC.jpg,True
DISPLAY LCD 4 LINEAS VERDE,2004A,6000,14,inicio,,products/2004A.jpg,True
MOTOR 3V,MT3v,600,169,electronica,,products/MT3v.jpg,True
BANANA MACHO CONO,BMC-4MM_GL,0,0,conectores,,products/BMC-4MM_GL.jpg,True
PERNO DOBLE RANURA 4X6MM (100U),PDR-4X6,1500,74,ferreteria,,products/PDR-4X6.jpg,True
PERNO DOBLE RANURA 4X8MM (100U),PDR-4X8,1600,41,ferreteria,,products/PDR-4X8.jpg,True
PERNO DOBLE RANURA 4X10MM (100U),PDR-4X10,1700,96,ferreteria,,products/PDR-4X10.jpg,True
"PERILLA CON TUERCA HILO 3/8"",PT3/8,1400,0,ferreteria,,products/PT3/8.jpg,True
BANANA HEMBRA 4MM,BH-4MM_GL,0,0,conectores,,products/BH-4MM_GL.jpg,True
BANANA MACHO CILINDRO,BMCL-4MM_GL,0,0,conectores,,products/BMCL-4MM_GL.jpg,True
BANANA HEMBRA 19A,BH-19A_GL,0,0,conectores,,products/BH-19A_GL.jpg,True
GABINETE LED P10 SMD,,0,0,deportivo,,products/.jpg,True
TRANSFORMADOR 12V 3A,TSW9-3,3400,1,electronica,,products/TSW9-3.jpg,True
TRANSFORMADOR 12V 10A,TSW12-10,15000,2,electronica,,products/TSW12-10.jpg,True
ARDUINO MEGA 2560 PRO 5V,PRO1-Q2-52,11000,13,inicio,,products/PRO1-Q2-52.jpg,True
ARDUINO PRO MINI 3.3V,PMINI1,5042,2,inicio,,products/PMINI1.jpg,True
MULTITESTER NT-9205A,NT9205A,14000,3,electricidad,,products/NT9205A.jpg,True
FUSIBLE CORTO 3.5A/250V (10 U),FUS035,500,6,ferreteria,,products/FUS035.jpg,True
FUSIBLE CORTO 2A/250V (10 U),FUS02,500,7,ferreteria,,products/FUS02.jpg,True
FUSIBLE CORTO 2.5A/250V (10 U),FUS025,500,0,ferreteria,,products/FUS025.jpg,True
CONTADOR DE AFORO AF48128,AF48128,0,0,desarrollos,,products/AF48128.jpg,True
ALCOHOL ISOPROPILICO 1 LITRO,AL1000 / Q3,4100,68,ferreteria,,products/AL1000 / Q3.jpg,True
"PERNO PARKER 3/8 x 2"",PK-38-2,400,9,ferreteria,,products/PK-38-2.jpg,True
"PERNO PARKER 3/8 x 2 1/2"",PK-38-2-12,450,10,ferreteria,,products/PK-38-2-12.jpg,True
"PERNO PARKER 3/8 x 1 1/2"",PK-38-1-12,350,400,ferreteria,,products/PK-38-1-12.jpg,True
"PERNO PARKER 3/8 x 1 1/4"",PK-38-1-14,300,400,ferreteria,,products/PK-38-1-14.jpg,True
PERNO PARKER 6X12MM (25),PK-6X12,1500,40,ferreteria,,products/PK-6X12.jpg,True
PORTA PILA AA DOBLE,AAX2,500,80,cargadores,,products/AAX2.jpg,True
PORTA PILA AA 1X4,AAX4,1000,1,cargadores,,products/AAX4.jpg,True
PERNO PARKER 4X25MM (25),PK4X25J2-L14 (J2-2),2200,24,ferreteria,,products/PK4X25J2-L14 (J2-2).jpg,True
PERNO PARKER 5X25MM (25),PK5X25J2-L7,2000,2,ferreteria,,products/PK5X25J2-L7.jpg,True
PERNO PARKER 6X25MM (25),PK6X25J2-L,2200,10,ferreteria,,products/PK6X25J2-L.jpg,True
PERNO PARKER 8X25MM (25),PK8X25-J2-L14,4500,20,ferreteria,,products/PK8X25-J2-L14.jpg,True
PERNO PARKER 6X20MM (25),PK-6X20,2100,30,ferreteria,,products/PK-6X20.jpg,True
PORTA PILA 18650 CUÁDRUPLE,18650-4,1900,15,cargadores,,products/18650-4.jpg,True
PCB PERFORADO 2X8 cm DOBLE CARA,PCB2X8,500,96,arduino,,products/PCB2X8.jpg,True
PCB PERFORADO 3X7 cm DOBLE CARA,PCB3X7,600,1,arduino,,products/PCB3X7.jpg,True
CAUTÍN 30W ELECTRICO STANFORD,PT-2011,6800,0,cautin,,products/PT-2011.jpg,True
CABLE DE RED 5 MTS CAT6,C-R 5C6,2500,15,inicio,,products/C-R 5C6.jpg,True
CABLE DUPONT M-M,P1-5MM,2600,54,arduino,,products/P1-5MM.jpg,True
CABLE DUPONT M-H,P1-5MH,2600,22,arduino,,products/P1-5MH.jpg,True
CABLE DUPONT H-H,P1-5HH,2600,37,arduino,,products/P1-5HH.jpg,True
JUMPER M-M TAMAÑO SURTIDO,JUM-MMP2-5,2500,47,cables-electricidad,,products/JUM-MMP2-5.jpg,True
SET CABLE CON 5 PINZA COCODRILO,P5X50CM,1800,156,electronica,,products/P5X50CM.jpg,True
PINZA COCODRILO ROJA 40MM,R1-20.4,100,108,electronica,,products/R1-20.4.jpg,True
PINZA CAIMÁN NEGRA 60MM,PINZA 2N/R,100,0,electronica,,products/PINZA 2N/R.jpg,True
PORTA PILA 18650 SIMPLE,18650-1,600,263,cargadores,,products/18650-1.jpg,True
PORTA PILA 18650 DOBLE,18650-2,1000,116,cargadores,,products/18650-2.jpg,True
PORTA PILA 18650 TRIPLE,18650-3,1300,45,cargadores,,products/18650-3.jpg,True
TAPA REDONDA DE 2 1/2 PULGADA PLANA,TR2P12,400,1265,ferreteria,,products/TR2P12.jpg,True
REDONDA DE 3 PULGADA,,600,18,ferreteria,,products/.jpg,True
TAPA PERFIL 75X75MM,TP-7575M,930,574,ferreteria,,products/TP-7575M.jpg,True
TAPA PERFIL 40X60MM,TPI-4060,400,0,ferreteria,,products/TPI-4060.jpg,True
PCB PERFORADO 6X4 cm DOBLE CARA,PCB6X4,800,94,inicio,,products/PCB6X4.jpg,True
PCB PERFORADO 9X15 cm DOBLE CARA,PCB9X15-R1-12,1800,34,arduino,,products/PCB9X15-R1-12.jpg,True
TAPA REDONDA DE 2 1/2 PULGADA BOLA,TR2PB12,420,23,ferreteria,,products/TR2PB12.jpg,True
REMACHE TUERCA 5MM (25),TR-5MM /K1,3000,26,ferreteria,,products/TR-5MM /K1.jpg,True
REMACHE TUERCA 6MM (25),TR-6MM /K1,3600,36,ferreteria,,products/TR-6MM /K1.jpg,True
REMACHE TUERCA 8MM (25),TR-8MM-K1,4000,24,ferreteria,,products/TR-8MM-K1.jpg,True
TUERCA ARAÑA 1/4 (25u),TA-14 K-1/1,1900,37,ferreteria,,products/TA-14 K-1/1.jpg,True
TUERCA ARAÑA 5/16 (25),TA-516 K1,2500,31,ferreteria,,products/TA-516 K1.jpg,True
TAPA REDONDA DE 1/2 PULGADA,TR12P,70,1680,ferreteria,,products/TR12P.jpg,True
TAPA REDONDA DE 3/4 PULGADA,TR34P,110,366,ferreteria,,products/TR34P.jpg,True
TAPA REDONDA DE 1 PULGADA,TR1P,142,531,ferreteria,,products/TR1P.jpg,True
TAPA REDONDA DE 1-1/4 PULGADA,TR1P14,143,818,ferreteria,,products/TR1P14.jpg,True
TAPA REDONDA DE 1-1/2 PULGADA,TR1P12,240,940,ferreteria,,products/TR1P12.jpg,True
TAPA REDONDA DE 1-3/4 PULGADA,TR1P34,219,886,ferreteria,,products/TR1P34.jpg,True
TAPA REDONDA DE 2 PULGADA,TR2P,300,690,ferreteria,,products/TR2P.jpg,True
ENCHUFE MACHO 3 P BLANCO,EM5033B,1100,74,electricidad,,products/EM5033B.jpg,True
PORTA BATERÍA 9V,BT9,800,133,alimentacion,,products/BT9.jpg,True
FUSIBLE CORTO 0.5/250V (10 U),FUS0-5,500,14,ferreteria,,products/FUS0-5.jpg,True
PORTA FUSIBLE (10 U),FUSEPCB,500,14,inicio,,products/FUSEPCB.jpg,True
PORTA FUSIBLE CHASIS,,500,50,adaptadores,,products/.jpg,True
REMACHE TUERCA 3MM (25),TR-3MM / K1,2000,48,ferreteria,,products/TR-3MM / K1.jpg,True
REMACHE TUERCA 4MM (25),TR-4MM /K1,2200,57,ferreteria,,products/TR-4MM /K1.jpg,True
TAPA PERFIL 25X25MM,TPI-2525,160,0,ferreteria,,products/TPI-2525.jpg,True
TAPA PERFIL 30X30MM,TPI-3030,190,0,ferreteria,,products/TPI-3030.jpg,True
TAPA PERFIL 40X40MM,TPI-4040,330,0,ferreteria,,products/TPI-4040.jpg,True
TAPA PERFIL 50X50MM,TPI-5050,380,0,inicio,,products/TPI-5050.jpg,True
TAPA PERFIL 100X100MM,TPI-100100,1250,0,ferreteria,,products/TPI-100100.jpg,True
TAPA PERFIL 30X50MM,TPI-3050,270,0,ferreteria,,products/TPI-3050.jpg,True
TAPA PERFIL 30X40MM,TPI-3040,305,0,ferreteria,,products/TPI-3040.jpg,True
TAPA PERFIL 20X30MM,TPI-2030,160,0,ferreteria,,products/TPI-2030.jpg,True
TAPA PERFIL 20X40MM,TPI-2040,175,0,ferreteria,,products/TPI-2040.jpg,True
TECLADO 4X4 MEMBRANA,T4X4M,2100,12,inicio,,products/T4X4M.jpg,True
TACHA SOLAR,TS100,15000,6,inicio,,products/TS100.jpg,True
EXTRACTOR DE SOLDADURA 19 CM,EX19CM,2700,20,extractor,,products/EX19CM.jpg,True
MINI PROTOBOARD 170 PUNTOS SET 6PCS,SET170,4000,7,inicio,,products/SET170.jpg,True
PROTOBOARD 830 PUNTOS,P830,3000,71,inicio,,products/P830.jpg,True
PROTOBOARD 400 PUNTOS,P400,1600,381,inicio,,products/P400.jpg,True
PROTOBOARD 270 PUNTOS,P270,1100,303,electronica,,products/P270.jpg,True
TAPA PERFIL 15X15MM,TPI-1515,90,0,ferreteria,,products/TPI-1515.jpg,True
TAPA PERFIL 20X20MM,TPI-2020,120,0,ferreteria,,products/TPI-2020.jpg,True
PORTA PILAS DOBLE 18650 PCB,18650-PCB-2,1500,5,electronica,,products/18650-PCB-2.jpg,True
MULTITESTER DT-830B,DT-830B,4000,8,inicio,,products/DT-830B.jpg,True
FUENTE SW 12V 5A 60W,FA-12V5A,6000,9,electronica,,products/FA-12V5A.jpg,True
FUENTE SW 12V 30A 360W,FA-12V30A,16000,6,electronica,,products/FA-12V30A.jpg,True
FUENTE SW 5V 700mA,FA-5V700A,1400,81,inicio,,products/FA-5V700A.jpg,True
FUENTE SW 5V 40A,FA-5V40A,30000,50,inicio,,products/FA-5V40A.jpg,True
SET FUSIBLES,,1100,6,fusible,,products/.jpg,True
FASTON 12-10 AWG 6.3 MM (20U),F1210AH_GL,1300,17,aisladores,,products/F1210AH_GL.jpg,True
FASTON 22-16 AWG 6.3 MM (6U),F2216RM_GL,329,1,aisladores,,products/F2216RM_GL.jpg,True
CONECTOR ROJO TERMINAL OJO,CO22-16,1000,27,conectores,,products/CO22-16.jpg,True
CONECTOR AZUL TERMINAL OJO,,1200,7,conectores,,products/.jpg,True
CONECTOR AZUL TERMINAL Y,,1200,42,conectores,,products/.jpg,True
CONECTOR AMARILLO TERMINAL Y,,1300,16,conectores,,products/.jpg,True
CONECTOR TUBULAR E4009,,1700,0,conectores,,products/.jpg,True
TBLOCK 1X3 5.0 250V 16A,MF301-5.0_GL,210,199,electronica,,products/MF301-5.0_GL.jpg,True
TBLOCK 1X2 5.0 300V 10A,DG301-5.0_GL,0,730,electronica,,products/DG301-5.0_GL.jpg,True
REGLETA RÁPIDA 1X2 250V,RR1X2_GL,400,161,inicio,,products/RR1X2_GL.jpg,True
CONECTOR VCC MACHO,VCC-M_GL,500,99,conectores,,products/VCC-M_GL.jpg,True
CONECTOR VCC HEMBRA,VCC-H_GL,500,101,conectores,,products/VCC-H_GL.jpg,True
PACK PILA RECARGABLE 18650 3.7V 4800mA SDNMY (2U),PL364,2800,37,inicio,,products/PL364.jpg,True
CAJA ESTANCA LISA PVC 105 x 106 x 60 Ip55,,2400,10,cables,,products/.jpg,True
CABLE DE RED 10MTS CAT 5E,C-R 10C6,3400,7,inicio,,products/C-R 10C6.jpg,True
PORTA PILAS SIMPLE 18650 PCB,18650-PCB-1,1000,60,electronica,,products/18650-PCB-1.jpg,True
TRANSISTOR BC 337,I2-39,200,29,electronica,,products/I2-39.jpg,True
MG4896-ETH CONTROL DE AFORO PARA PARKING,AP4896-ETH,0,0,desarrollos,,products/AP4896-ETH.jpg,True
TM96160-W TOTEM SERVICENTRO,TM96160-W,0,0,desarrollos,,products/TM96160-W.jpg,True
MG16160-Y  LETRERO RUTERO,MG1664-Y,0,0,desarrollos,,products/MG1664-Y.jpg,True
ALCOHOL ISOPROPILICO 5 LITROS,ALI-5 / Q3,20000,9,ferreteria,,products/ALI-5 / Q3.jpg,True
ADAPTADOR EURO AMERICANO,EA2p / P3-1,400,196,adaptadores,,products/EA2p / P3-1.jpg,True
FASTON 22-16 AWG 6.3 MM (20U),F2216RH_GL,1100,18,aisladores,,products/F2216RH_GL.jpg,True